Ecosystem	Package	Version	Scope	License	License files	Source
npm	@adobe/css-tools	4.5.0	development	MIT		https://registry.npmjs.org/@adobe/css-tools/-/css-tools-4.5.0.tgz
npm	@alloc/quick-lru	5.2.0	development	MIT		https://registry.npmjs.org/@alloc/quick-lru/-/quick-lru-5.2.0.tgz
npm	@asamuzakjp/css-color	3.2.0	development	MIT		https://registry.npmjs.org/@asamuzakjp/css-color/-/css-color-3.2.0.tgz
npm	@asamuzakjp/css-color/node_modules/lru-cache	10.4.3	development	ISC		https://registry.npmjs.org/lru-cache/-/lru-cache-10.4.3.tgz
npm	@babel/code-frame	7.29.7	runtime	MIT		https://registry.npmjs.org/@babel/code-frame/-/code-frame-7.29.7.tgz
npm	@babel/compat-data	7.29.7	runtime	MIT		https://registry.npmjs.org/@babel/compat-data/-/compat-data-7.29.7.tgz
npm	@babel/core	7.29.7	runtime	MIT		https://registry.npmjs.org/@babel/core/-/core-7.29.7.tgz
npm	@babel/generator	7.29.7	runtime	MIT		https://registry.npmjs.org/@babel/generator/-/generator-7.29.7.tgz
npm	@babel/helper-compilation-targets	7.29.7	runtime	MIT		https://registry.npmjs.org/@babel/helper-compilation-targets/-/helper-compilation-targets-7.29.7.tgz
npm	@babel/helper-globals	7.29.7	runtime	MIT		https://registry.npmjs.org/@babel/helper-globals/-/helper-globals-7.29.7.tgz
npm	@babel/helper-module-imports	7.29.7	runtime	MIT		https://registry.npmjs.org/@babel/helper-module-imports/-/helper-module-imports-7.29.7.tgz
npm	@babel/helper-module-transforms	7.29.7	runtime	MIT		https://registry.npmjs.org/@babel/helper-module-transforms/-/helper-module-transforms-7.29.7.tgz
npm	@babel/helper-plugin-utils	7.29.7	runtime	MIT		https://registry.npmjs.org/@babel/helper-plugin-utils/-/helper-plugin-utils-7.29.7.tgz
npm	@babel/helper-string-parser	7.29.7	runtime	MIT		https://registry.npmjs.org/@babel/helper-string-parser/-/helper-string-parser-7.29.7.tgz
npm	@babel/helper-validator-identifier	7.29.7	runtime	MIT		https://registry.npmjs.org/@babel/helper-validator-identifier/-/helper-validator-identifier-7.29.7.tgz
npm	@babel/helper-validator-option	7.29.7	runtime	MIT		https://registry.npmjs.org/@babel/helper-validator-option/-/helper-validator-option-7.29.7.tgz
npm	@babel/helpers	7.29.7	runtime	MIT		https://registry.npmjs.org/@babel/helpers/-/helpers-7.29.7.tgz
npm	@babel/parser	7.29.7	runtime	MIT		https://registry.npmjs.org/@babel/parser/-/parser-7.29.7.tgz
npm	@babel/plugin-syntax-async-generators	7.8.4	development	MIT		https://registry.npmjs.org/@babel/plugin-syntax-async-generators/-/plugin-syntax-async-generators-7.8.4.tgz
npm	@babel/plugin-syntax-bigint	7.8.3	development	MIT		https://registry.npmjs.org/@babel/plugin-syntax-bigint/-/plugin-syntax-bigint-7.8.3.tgz
npm	@babel/plugin-syntax-class-properties	7.12.13	development	MIT		https://registry.npmjs.org/@babel/plugin-syntax-class-properties/-/plugin-syntax-class-properties-7.12.13.tgz
npm	@babel/plugin-syntax-class-static-block	7.14.5	development	MIT		https://registry.npmjs.org/@babel/plugin-syntax-class-static-block/-/plugin-syntax-class-static-block-7.14.5.tgz
npm	@babel/plugin-syntax-import-attributes	7.29.7	development	MIT		https://registry.npmjs.org/@babel/plugin-syntax-import-attributes/-/plugin-syntax-import-attributes-7.29.7.tgz
npm	@babel/plugin-syntax-import-meta	7.10.4	development	MIT		https://registry.npmjs.org/@babel/plugin-syntax-import-meta/-/plugin-syntax-import-meta-7.10.4.tgz
npm	@babel/plugin-syntax-json-strings	7.8.3	development	MIT		https://registry.npmjs.org/@babel/plugin-syntax-json-strings/-/plugin-syntax-json-strings-7.8.3.tgz
npm	@babel/plugin-syntax-jsx	7.29.7	development	MIT		https://registry.npmjs.org/@babel/plugin-syntax-jsx/-/plugin-syntax-jsx-7.29.7.tgz
npm	@babel/plugin-syntax-logical-assignment-operators	7.10.4	development	MIT		https://registry.npmjs.org/@babel/plugin-syntax-logical-assignment-operators/-/plugin-syntax-logical-assignment-operators-7.10.4.tgz
npm	@babel/plugin-syntax-nullish-coalescing-operator	7.8.3	development	MIT		https://registry.npmjs.org/@babel/plugin-syntax-nullish-coalescing-operator/-/plugin-syntax-nullish-coalescing-operator-7.8.3.tgz
npm	@babel/plugin-syntax-numeric-separator	7.10.4	development	MIT		https://registry.npmjs.org/@babel/plugin-syntax-numeric-separator/-/plugin-syntax-numeric-separator-7.10.4.tgz
npm	@babel/plugin-syntax-object-rest-spread	7.8.3	development	MIT		https://registry.npmjs.org/@babel/plugin-syntax-object-rest-spread/-/plugin-syntax-object-rest-spread-7.8.3.tgz
npm	@babel/plugin-syntax-optional-catch-binding	7.8.3	development	MIT		https://registry.npmjs.org/@babel/plugin-syntax-optional-catch-binding/-/plugin-syntax-optional-catch-binding-7.8.3.tgz
npm	@babel/plugin-syntax-optional-chaining	7.8.3	development	MIT		https://registry.npmjs.org/@babel/plugin-syntax-optional-chaining/-/plugin-syntax-optional-chaining-7.8.3.tgz
npm	@babel/plugin-syntax-private-property-in-object	7.14.5	development	MIT		https://registry.npmjs.org/@babel/plugin-syntax-private-property-in-object/-/plugin-syntax-private-property-in-object-7.14.5.tgz
npm	@babel/plugin-syntax-top-level-await	7.14.5	development	MIT		https://registry.npmjs.org/@babel/plugin-syntax-top-level-await/-/plugin-syntax-top-level-await-7.14.5.tgz
npm	@babel/plugin-syntax-typescript	7.29.7	development	MIT		https://registry.npmjs.org/@babel/plugin-syntax-typescript/-/plugin-syntax-typescript-7.29.7.tgz
npm	@babel/plugin-transform-react-jsx-self	7.29.7	runtime	MIT		https://registry.npmjs.org/@babel/plugin-transform-react-jsx-self/-/plugin-transform-react-jsx-self-7.29.7.tgz
npm	@babel/plugin-transform-react-jsx-source	7.29.7	runtime	MIT		https://registry.npmjs.org/@babel/plugin-transform-react-jsx-source/-/plugin-transform-react-jsx-source-7.29.7.tgz
npm	@babel/runtime	7.29.7	development	MIT		https://registry.npmjs.org/@babel/runtime/-/runtime-7.29.7.tgz
npm	@babel/template	7.29.7	runtime	MIT		https://registry.npmjs.org/@babel/template/-/template-7.29.7.tgz
npm	@babel/traverse	7.29.7	runtime	MIT		https://registry.npmjs.org/@babel/traverse/-/traverse-7.29.7.tgz
npm	@babel/types	7.29.7	runtime	MIT		https://registry.npmjs.org/@babel/types/-/types-7.29.7.tgz
npm	@bcoe/v8-coverage	0.2.3	development	MIT		https://registry.npmjs.org/@bcoe/v8-coverage/-/v8-coverage-0.2.3.tgz
npm	@csstools/color-helpers	5.1.0	development	MIT-0		https://registry.npmjs.org/@csstools/color-helpers/-/color-helpers-5.1.0.tgz
npm	@csstools/css-calc	2.1.4	development	MIT		https://registry.npmjs.org/@csstools/css-calc/-/css-calc-2.1.4.tgz
npm	@csstools/css-color-parser	3.1.0	development	MIT		https://registry.npmjs.org/@csstools/css-color-parser/-/css-color-parser-3.1.0.tgz
npm	@csstools/css-parser-algorithms	3.0.5	development	MIT		https://registry.npmjs.org/@csstools/css-parser-algorithms/-/css-parser-algorithms-3.0.5.tgz
npm	@csstools/css-tokenizer	3.0.4	development	MIT		https://registry.npmjs.org/@csstools/css-tokenizer/-/css-tokenizer-3.0.4.tgz
npm	@emnapi/core	1.10.0	development, optional	MIT		https://registry.npmjs.org/@emnapi/core/-/core-1.10.0.tgz
npm	@emnapi/runtime	1.10.0	development, optional	MIT		https://registry.npmjs.org/@emnapi/runtime/-/runtime-1.10.0.tgz
npm	@emnapi/wasi-threads	1.2.1	development, optional	MIT		https://registry.npmjs.org/@emnapi/wasi-threads/-/wasi-threads-1.2.1.tgz
npm	@esbuild/aix-ppc64	0.25.12	runtime, optional	MIT		https://registry.npmjs.org/@esbuild/aix-ppc64/-/aix-ppc64-0.25.12.tgz
npm	@esbuild/android-arm	0.25.12	runtime, optional	MIT		https://registry.npmjs.org/@esbuild/android-arm/-/android-arm-0.25.12.tgz
npm	@esbuild/android-arm64	0.25.12	runtime, optional	MIT		https://registry.npmjs.org/@esbuild/android-arm64/-/android-arm64-0.25.12.tgz
npm	@esbuild/android-x64	0.25.12	runtime, optional	MIT		https://registry.npmjs.org/@esbuild/android-x64/-/android-x64-0.25.12.tgz
npm	@esbuild/darwin-arm64	0.25.12	runtime, optional	MIT		https://registry.npmjs.org/@esbuild/darwin-arm64/-/darwin-arm64-0.25.12.tgz
npm	@esbuild/darwin-x64	0.25.12	runtime, optional	MIT		https://registry.npmjs.org/@esbuild/darwin-x64/-/darwin-x64-0.25.12.tgz
npm	@esbuild/freebsd-arm64	0.25.12	runtime, optional	MIT		https://registry.npmjs.org/@esbuild/freebsd-arm64/-/freebsd-arm64-0.25.12.tgz
npm	@esbuild/freebsd-x64	0.25.12	runtime, optional	MIT		https://registry.npmjs.org/@esbuild/freebsd-x64/-/freebsd-x64-0.25.12.tgz
npm	@esbuild/linux-arm	0.25.12	runtime, optional	MIT		https://registry.npmjs.org/@esbuild/linux-arm/-/linux-arm-0.25.12.tgz
npm	@esbuild/linux-arm64	0.25.12	runtime, optional	MIT		https://registry.npmjs.org/@esbuild/linux-arm64/-/linux-arm64-0.25.12.tgz
npm	@esbuild/linux-ia32	0.25.12	runtime, optional	MIT		https://registry.npmjs.org/@esbuild/linux-ia32/-/linux-ia32-0.25.12.tgz
npm	@esbuild/linux-loong64	0.25.12	runtime, optional	MIT		https://registry.npmjs.org/@esbuild/linux-loong64/-/linux-loong64-0.25.12.tgz
npm	@esbuild/linux-mips64el	0.25.12	runtime, optional	MIT		https://registry.npmjs.org/@esbuild/linux-mips64el/-/linux-mips64el-0.25.12.tgz
npm	@esbuild/linux-ppc64	0.25.12	runtime, optional	MIT		https://registry.npmjs.org/@esbuild/linux-ppc64/-/linux-ppc64-0.25.12.tgz
npm	@esbuild/linux-riscv64	0.25.12	runtime, optional	MIT		https://registry.npmjs.org/@esbuild/linux-riscv64/-/linux-riscv64-0.25.12.tgz
npm	@esbuild/linux-s390x	0.25.12	runtime, optional	MIT		https://registry.npmjs.org/@esbuild/linux-s390x/-/linux-s390x-0.25.12.tgz
npm	@esbuild/linux-x64	0.25.12	runtime, optional	MIT		https://registry.npmjs.org/@esbuild/linux-x64/-/linux-x64-0.25.12.tgz
npm	@esbuild/netbsd-arm64	0.25.12	runtime, optional	MIT		https://registry.npmjs.org/@esbuild/netbsd-arm64/-/netbsd-arm64-0.25.12.tgz
npm	@esbuild/netbsd-x64	0.25.12	runtime, optional	MIT		https://registry.npmjs.org/@esbuild/netbsd-x64/-/netbsd-x64-0.25.12.tgz
npm	@esbuild/openbsd-arm64	0.25.12	runtime, optional	MIT		https://registry.npmjs.org/@esbuild/openbsd-arm64/-/openbsd-arm64-0.25.12.tgz
npm	@esbuild/openbsd-x64	0.25.12	runtime, optional	MIT		https://registry.npmjs.org/@esbuild/openbsd-x64/-/openbsd-x64-0.25.12.tgz
npm	@esbuild/openharmony-arm64	0.25.12	runtime, optional	MIT		https://registry.npmjs.org/@esbuild/openharmony-arm64/-/openharmony-arm64-0.25.12.tgz
npm	@esbuild/sunos-x64	0.25.12	runtime, optional	MIT		https://registry.npmjs.org/@esbuild/sunos-x64/-/sunos-x64-0.25.12.tgz
npm	@esbuild/win32-arm64	0.25.12	runtime, optional	MIT		https://registry.npmjs.org/@esbuild/win32-arm64/-/win32-arm64-0.25.12.tgz
npm	@esbuild/win32-ia32	0.25.12	runtime, optional	MIT		https://registry.npmjs.org/@esbuild/win32-ia32/-/win32-ia32-0.25.12.tgz
npm	@esbuild/win32-x64	0.25.12	runtime, optional	MIT		https://registry.npmjs.org/@esbuild/win32-x64/-/win32-x64-0.25.12.tgz
npm	@isaacs/cliui	8.0.2	development	ISC		https://registry.npmjs.org/@isaacs/cliui/-/cliui-8.0.2.tgz
npm	@istanbuljs/load-nyc-config	1.1.0	development	ISC		https://registry.npmjs.org/@istanbuljs/load-nyc-config/-/load-nyc-config-1.1.0.tgz
npm	@istanbuljs/schema	0.1.6	development	MIT		https://registry.npmjs.org/@istanbuljs/schema/-/schema-0.1.6.tgz
npm	@jest/console	30.4.1	development	MIT		https://registry.npmjs.org/@jest/console/-/console-30.4.1.tgz
npm	@jest/core	30.4.2	development	MIT		https://registry.npmjs.org/@jest/core/-/core-30.4.2.tgz
npm	@jest/core/node_modules/ansi-styles	5.2.0	development	MIT		https://registry.npmjs.org/ansi-styles/-/ansi-styles-5.2.0.tgz
npm	@jest/core/node_modules/pretty-format	30.4.1	development	MIT		https://registry.npmjs.org/pretty-format/-/pretty-format-30.4.1.tgz
npm	@jest/diff-sequences	30.4.0	development	MIT		https://registry.npmjs.org/@jest/diff-sequences/-/diff-sequences-30.4.0.tgz
npm	@jest/environment	30.4.1	development	MIT		https://registry.npmjs.org/@jest/environment/-/environment-30.4.1.tgz
npm	@jest/environment-jsdom-abstract	30.4.1	development	MIT		https://registry.npmjs.org/@jest/environment-jsdom-abstract/-/environment-jsdom-abstract-30.4.1.tgz
npm	@jest/expect	30.4.1	development	MIT		https://registry.npmjs.org/@jest/expect/-/expect-30.4.1.tgz
npm	@jest/expect-utils	30.4.1	development	MIT		https://registry.npmjs.org/@jest/expect-utils/-/expect-utils-30.4.1.tgz
npm	@jest/fake-timers	30.4.1	development	MIT		https://registry.npmjs.org/@jest/fake-timers/-/fake-timers-30.4.1.tgz
npm	@jest/get-type	30.1.0	development	MIT		https://registry.npmjs.org/@jest/get-type/-/get-type-30.1.0.tgz
npm	@jest/globals	30.4.1	development	MIT		https://registry.npmjs.org/@jest/globals/-/globals-30.4.1.tgz
npm	@jest/pattern	30.4.0	development	MIT		https://registry.npmjs.org/@jest/pattern/-/pattern-30.4.0.tgz
npm	@jest/reporters	30.4.1	development	MIT		https://registry.npmjs.org/@jest/reporters/-/reporters-30.4.1.tgz
npm	@jest/schemas	30.4.1	development	MIT		https://registry.npmjs.org/@jest/schemas/-/schemas-30.4.1.tgz
npm	@jest/snapshot-utils	30.4.1	development	MIT		https://registry.npmjs.org/@jest/snapshot-utils/-/snapshot-utils-30.4.1.tgz
npm	@jest/source-map	30.0.1	development	MIT		https://registry.npmjs.org/@jest/source-map/-/source-map-30.0.1.tgz
npm	@jest/test-result	30.4.1	development	MIT		https://registry.npmjs.org/@jest/test-result/-/test-result-30.4.1.tgz
npm	@jest/test-sequencer	30.4.1	development	MIT		https://registry.npmjs.org/@jest/test-sequencer/-/test-sequencer-30.4.1.tgz
npm	@jest/transform	30.4.1	development	MIT		https://registry.npmjs.org/@jest/transform/-/transform-30.4.1.tgz
npm	@jest/types	30.4.1	development	MIT		https://registry.npmjs.org/@jest/types/-/types-30.4.1.tgz
npm	@jridgewell/gen-mapping	0.3.13	runtime	MIT		https://registry.npmjs.org/@jridgewell/gen-mapping/-/gen-mapping-0.3.13.tgz
npm	@jridgewell/remapping	2.3.5	runtime	MIT		https://registry.npmjs.org/@jridgewell/remapping/-/remapping-2.3.5.tgz
npm	@jridgewell/resolve-uri	3.1.2	runtime	MIT		https://registry.npmjs.org/@jridgewell/resolve-uri/-/resolve-uri-3.1.2.tgz
npm	@jridgewell/sourcemap-codec	1.5.5	runtime	MIT		https://registry.npmjs.org/@jridgewell/sourcemap-codec/-/sourcemap-codec-1.5.5.tgz
npm	@jridgewell/trace-mapping	0.3.31	runtime	MIT		https://registry.npmjs.org/@jridgewell/trace-mapping/-/trace-mapping-0.3.31.tgz
npm	@napi-rs/wasm-runtime	1.1.6	development, optional	MIT		https://registry.npmjs.org/@napi-rs/wasm-runtime/-/wasm-runtime-1.1.6.tgz
npm	@nodelib/fs.scandir	2.1.5	development	MIT		https://registry.npmjs.org/@nodelib/fs.scandir/-/fs.scandir-2.1.5.tgz
npm	@nodelib/fs.stat	2.0.5	development	MIT		https://registry.npmjs.org/@nodelib/fs.stat/-/fs.stat-2.0.5.tgz
npm	@nodelib/fs.walk	1.2.8	development	MIT		https://registry.npmjs.org/@nodelib/fs.walk/-/fs.walk-1.2.8.tgz
npm	@pkgjs/parseargs	0.11.0	development, optional	MIT		https://registry.npmjs.org/@pkgjs/parseargs/-/parseargs-0.11.0.tgz
npm	@pkgr/core	0.3.6	development	MIT		https://registry.npmjs.org/@pkgr/core/-/core-0.3.6.tgz
npm	@rolldown/pluginutils	1.0.0-beta.27	runtime	MIT		https://registry.npmjs.org/@rolldown/pluginutils/-/pluginutils-1.0.0-beta.27.tgz
npm	@rollup/rollup-android-arm-eabi	4.62.2	runtime, optional	MIT		https://registry.npmjs.org/@rollup/rollup-android-arm-eabi/-/rollup-android-arm-eabi-4.62.2.tgz
npm	@rollup/rollup-android-arm64	4.62.2	runtime, optional	MIT		https://registry.npmjs.org/@rollup/rollup-android-arm64/-/rollup-android-arm64-4.62.2.tgz
npm	@rollup/rollup-darwin-arm64	4.62.2	runtime, optional	MIT		https://registry.npmjs.org/@rollup/rollup-darwin-arm64/-/rollup-darwin-arm64-4.62.2.tgz
npm	@rollup/rollup-darwin-x64	4.62.2	runtime, optional	MIT		https://registry.npmjs.org/@rollup/rollup-darwin-x64/-/rollup-darwin-x64-4.62.2.tgz
npm	@rollup/rollup-freebsd-arm64	4.62.2	runtime, optional	MIT		https://registry.npmjs.org/@rollup/rollup-freebsd-arm64/-/rollup-freebsd-arm64-4.62.2.tgz
npm	@rollup/rollup-freebsd-x64	4.62.2	runtime, optional	MIT		https://registry.npmjs.org/@rollup/rollup-freebsd-x64/-/rollup-freebsd-x64-4.62.2.tgz
npm	@rollup/rollup-linux-arm-gnueabihf	4.62.2	runtime, optional	MIT		https://registry.npmjs.org/@rollup/rollup-linux-arm-gnueabihf/-/rollup-linux-arm-gnueabihf-4.62.2.tgz
npm	@rollup/rollup-linux-arm-musleabihf	4.62.2	runtime, optional	MIT		https://registry.npmjs.org/@rollup/rollup-linux-arm-musleabihf/-/rollup-linux-arm-musleabihf-4.62.2.tgz
npm	@rollup/rollup-linux-arm64-gnu	4.62.2	runtime, optional	MIT		https://registry.npmjs.org/@rollup/rollup-linux-arm64-gnu/-/rollup-linux-arm64-gnu-4.62.2.tgz
npm	@rollup/rollup-linux-arm64-musl	4.62.2	runtime, optional	MIT		https://registry.npmjs.org/@rollup/rollup-linux-arm64-musl/-/rollup-linux-arm64-musl-4.62.2.tgz
npm	@rollup/rollup-linux-loong64-gnu	4.62.2	runtime, optional	MIT		https://registry.npmjs.org/@rollup/rollup-linux-loong64-gnu/-/rollup-linux-loong64-gnu-4.62.2.tgz
npm	@rollup/rollup-linux-loong64-musl	4.62.2	runtime, optional	MIT		https://registry.npmjs.org/@rollup/rollup-linux-loong64-musl/-/rollup-linux-loong64-musl-4.62.2.tgz
npm	@rollup/rollup-linux-ppc64-gnu	4.62.2	runtime, optional	MIT		https://registry.npmjs.org/@rollup/rollup-linux-ppc64-gnu/-/rollup-linux-ppc64-gnu-4.62.2.tgz
npm	@rollup/rollup-linux-ppc64-musl	4.62.2	runtime, optional	MIT		https://registry.npmjs.org/@rollup/rollup-linux-ppc64-musl/-/rollup-linux-ppc64-musl-4.62.2.tgz
npm	@rollup/rollup-linux-riscv64-gnu	4.62.2	runtime, optional	MIT		https://registry.npmjs.org/@rollup/rollup-linux-riscv64-gnu/-/rollup-linux-riscv64-gnu-4.62.2.tgz
npm	@rollup/rollup-linux-riscv64-musl	4.62.2	runtime, optional	MIT		https://registry.npmjs.org/@rollup/rollup-linux-riscv64-musl/-/rollup-linux-riscv64-musl-4.62.2.tgz
npm	@rollup/rollup-linux-s390x-gnu	4.62.2	runtime, optional	MIT		https://registry.npmjs.org/@rollup/rollup-linux-s390x-gnu/-/rollup-linux-s390x-gnu-4.62.2.tgz
npm	@rollup/rollup-linux-x64-gnu	4.62.2	runtime, optional	MIT		https://registry.npmjs.org/@rollup/rollup-linux-x64-gnu/-/rollup-linux-x64-gnu-4.62.2.tgz
npm	@rollup/rollup-linux-x64-musl	4.62.2	runtime, optional	MIT		https://registry.npmjs.org/@rollup/rollup-linux-x64-musl/-/rollup-linux-x64-musl-4.62.2.tgz
npm	@rollup/rollup-openbsd-x64	4.62.2	runtime, optional	MIT		https://registry.npmjs.org/@rollup/rollup-openbsd-x64/-/rollup-openbsd-x64-4.62.2.tgz
npm	@rollup/rollup-openharmony-arm64	4.62.2	runtime, optional	MIT		https://registry.npmjs.org/@rollup/rollup-openharmony-arm64/-/rollup-openharmony-arm64-4.62.2.tgz
npm	@rollup/rollup-win32-arm64-msvc	4.62.2	runtime, optional	MIT		https://registry.npmjs.org/@rollup/rollup-win32-arm64-msvc/-/rollup-win32-arm64-msvc-4.62.2.tgz
npm	@rollup/rollup-win32-ia32-msvc	4.62.2	runtime, optional	MIT		https://registry.npmjs.org/@rollup/rollup-win32-ia32-msvc/-/rollup-win32-ia32-msvc-4.62.2.tgz
npm	@rollup/rollup-win32-x64-gnu	4.62.2	runtime, optional	MIT		https://registry.npmjs.org/@rollup/rollup-win32-x64-gnu/-/rollup-win32-x64-gnu-4.62.2.tgz
npm	@rollup/rollup-win32-x64-msvc	4.62.2	runtime, optional	MIT		https://registry.npmjs.org/@rollup/rollup-win32-x64-msvc/-/rollup-win32-x64-msvc-4.62.2.tgz
npm	@sinclair/typebox	0.34.49	development	MIT		https://registry.npmjs.org/@sinclair/typebox/-/typebox-0.34.49.tgz
npm	@sinonjs/commons	3.0.1	development	BSD-3-Clause		https://registry.npmjs.org/@sinonjs/commons/-/commons-3.0.1.tgz
npm	@sinonjs/fake-timers	15.4.0	development	BSD-3-Clause		https://registry.npmjs.org/@sinonjs/fake-timers/-/fake-timers-15.4.0.tgz
npm	@tauri-apps/api	2.11.1	runtime	Apache-2.0 OR MIT		https://registry.npmjs.org/@tauri-apps/api/-/api-2.11.1.tgz
npm	@tauri-apps/cli	2.11.4	development	Apache-2.0 OR MIT		https://registry.npmjs.org/@tauri-apps/cli/-/cli-2.11.4.tgz
npm	@tauri-apps/cli-darwin-arm64	2.11.4	development, optional	Apache-2.0 OR MIT		https://registry.npmjs.org/@tauri-apps/cli-darwin-arm64/-/cli-darwin-arm64-2.11.4.tgz
npm	@tauri-apps/cli-darwin-x64	2.11.4	development, optional	Apache-2.0 OR MIT		https://registry.npmjs.org/@tauri-apps/cli-darwin-x64/-/cli-darwin-x64-2.11.4.tgz
npm	@tauri-apps/cli-linux-arm-gnueabihf	2.11.4	development, optional	Apache-2.0 OR MIT		https://registry.npmjs.org/@tauri-apps/cli-linux-arm-gnueabihf/-/cli-linux-arm-gnueabihf-2.11.4.tgz
npm	@tauri-apps/cli-linux-arm64-gnu	2.11.4	development, optional	Apache-2.0 OR MIT		https://registry.npmjs.org/@tauri-apps/cli-linux-arm64-gnu/-/cli-linux-arm64-gnu-2.11.4.tgz
npm	@tauri-apps/cli-linux-arm64-musl	2.11.4	development, optional	Apache-2.0 OR MIT		https://registry.npmjs.org/@tauri-apps/cli-linux-arm64-musl/-/cli-linux-arm64-musl-2.11.4.tgz
npm	@tauri-apps/cli-linux-riscv64-gnu	2.11.4	development, optional	Apache-2.0 OR MIT		https://registry.npmjs.org/@tauri-apps/cli-linux-riscv64-gnu/-/cli-linux-riscv64-gnu-2.11.4.tgz
npm	@tauri-apps/cli-linux-x64-gnu	2.11.4	development, optional	Apache-2.0 OR MIT		https://registry.npmjs.org/@tauri-apps/cli-linux-x64-gnu/-/cli-linux-x64-gnu-2.11.4.tgz
npm	@tauri-apps/cli-linux-x64-musl	2.11.4	development, optional	Apache-2.0 OR MIT		https://registry.npmjs.org/@tauri-apps/cli-linux-x64-musl/-/cli-linux-x64-musl-2.11.4.tgz
npm	@tauri-apps/cli-win32-arm64-msvc	2.11.4	development, optional	Apache-2.0 OR MIT		https://registry.npmjs.org/@tauri-apps/cli-win32-arm64-msvc/-/cli-win32-arm64-msvc-2.11.4.tgz
npm	@tauri-apps/cli-win32-ia32-msvc	2.11.4	development, optional	Apache-2.0 OR MIT		https://registry.npmjs.org/@tauri-apps/cli-win32-ia32-msvc/-/cli-win32-ia32-msvc-2.11.4.tgz
npm	@tauri-apps/cli-win32-x64-msvc	2.11.4	development, optional	Apache-2.0 OR MIT		https://registry.npmjs.org/@tauri-apps/cli-win32-x64-msvc/-/cli-win32-x64-msvc-2.11.4.tgz
npm	@testing-library/dom	10.4.1	development	MIT		https://registry.npmjs.org/@testing-library/dom/-/dom-10.4.1.tgz
npm	@testing-library/jest-dom	6.9.1	development	MIT		https://registry.npmjs.org/@testing-library/jest-dom/-/jest-dom-6.9.1.tgz
npm	@testing-library/jest-dom/node_modules/dom-accessibility-api	0.6.3	development	MIT		https://registry.npmjs.org/dom-accessibility-api/-/dom-accessibility-api-0.6.3.tgz
npm	@testing-library/react	16.3.2	development	MIT		https://registry.npmjs.org/@testing-library/react/-/react-16.3.2.tgz
npm	@testing-library/user-event	14.6.1	development	MIT		https://registry.npmjs.org/@testing-library/user-event/-/user-event-14.6.1.tgz
npm	@tybys/wasm-util	0.10.3	development, optional	MIT		https://registry.npmjs.org/@tybys/wasm-util/-/wasm-util-0.10.3.tgz
npm	@types/aria-query	5.0.4	development	MIT		https://registry.npmjs.org/@types/aria-query/-/aria-query-5.0.4.tgz
npm	@types/babel__core	7.20.5	runtime	MIT		https://registry.npmjs.org/@types/babel__core/-/babel__core-7.20.5.tgz
npm	@types/babel__generator	7.27.0	runtime	MIT		https://registry.npmjs.org/@types/babel__generator/-/babel__generator-7.27.0.tgz
npm	@types/babel__template	7.4.4	runtime	MIT		https://registry.npmjs.org/@types/babel__template/-/babel__template-7.4.4.tgz
npm	@types/babel__traverse	7.28.0	runtime	MIT		https://registry.npmjs.org/@types/babel__traverse/-/babel__traverse-7.28.0.tgz
npm	@types/cytoscape	3.21.9	development	MIT		https://registry.npmjs.org/@types/cytoscape/-/cytoscape-3.21.9.tgz
npm	@types/estree	1.0.9	runtime	MIT		https://registry.npmjs.org/@types/estree/-/estree-1.0.9.tgz
npm	@types/istanbul-lib-coverage	2.0.6	development	MIT		https://registry.npmjs.org/@types/istanbul-lib-coverage/-/istanbul-lib-coverage-2.0.6.tgz
npm	@types/istanbul-lib-report	3.0.3	development	MIT		https://registry.npmjs.org/@types/istanbul-lib-report/-/istanbul-lib-report-3.0.3.tgz
npm	@types/istanbul-reports	3.0.4	development	MIT		https://registry.npmjs.org/@types/istanbul-reports/-/istanbul-reports-3.0.4.tgz
npm	@types/jest	30.0.0	development	MIT		https://registry.npmjs.org/@types/jest/-/jest-30.0.0.tgz
npm	@types/jest/node_modules/ansi-styles	5.2.0	development	MIT		https://registry.npmjs.org/ansi-styles/-/ansi-styles-5.2.0.tgz
npm	@types/jest/node_modules/pretty-format	30.4.1	development	MIT		https://registry.npmjs.org/pretty-format/-/pretty-format-30.4.1.tgz
npm	@types/jsdom	21.1.7	development	MIT		https://registry.npmjs.org/@types/jsdom/-/jsdom-21.1.7.tgz
npm	@types/node	26.1.0	runtime	MIT		https://registry.npmjs.org/@types/node/-/node-26.1.0.tgz
npm	@types/react	19.2.17	development	MIT		https://registry.npmjs.org/@types/react/-/react-19.2.17.tgz
npm	@types/react-dom	19.2.3	development	MIT		https://registry.npmjs.org/@types/react-dom/-/react-dom-19.2.3.tgz
npm	@types/stack-utils	2.0.3	development	MIT		https://registry.npmjs.org/@types/stack-utils/-/stack-utils-2.0.3.tgz
npm	@types/tough-cookie	4.0.5	development	MIT		https://registry.npmjs.org/@types/tough-cookie/-/tough-cookie-4.0.5.tgz
npm	@types/yargs	17.0.35	development	MIT		https://registry.npmjs.org/@types/yargs/-/yargs-17.0.35.tgz
npm	@types/yargs-parser	21.0.3	development	MIT		https://registry.npmjs.org/@types/yargs-parser/-/yargs-parser-21.0.3.tgz
npm	@ungap/structured-clone	1.3.2	development	ISC		https://registry.npmjs.org/@ungap/structured-clone/-/structured-clone-1.3.2.tgz
npm	@unrs/resolver-binding-android-arm-eabi	1.12.2	development, optional	MIT		https://registry.npmjs.org/@unrs/resolver-binding-android-arm-eabi/-/resolver-binding-android-arm-eabi-1.12.2.tgz
npm	@unrs/resolver-binding-android-arm64	1.12.2	development, optional	MIT		https://registry.npmjs.org/@unrs/resolver-binding-android-arm64/-/resolver-binding-android-arm64-1.12.2.tgz
npm	@unrs/resolver-binding-darwin-arm64	1.12.2	development, optional	MIT		https://registry.npmjs.org/@unrs/resolver-binding-darwin-arm64/-/resolver-binding-darwin-arm64-1.12.2.tgz
npm	@unrs/resolver-binding-darwin-x64	1.12.2	development, optional	MIT		https://registry.npmjs.org/@unrs/resolver-binding-darwin-x64/-/resolver-binding-darwin-x64-1.12.2.tgz
npm	@unrs/resolver-binding-freebsd-x64	1.12.2	development, optional	MIT		https://registry.npmjs.org/@unrs/resolver-binding-freebsd-x64/-/resolver-binding-freebsd-x64-1.12.2.tgz
npm	@unrs/resolver-binding-linux-arm-gnueabihf	1.12.2	development, optional	MIT		https://registry.npmjs.org/@unrs/resolver-binding-linux-arm-gnueabihf/-/resolver-binding-linux-arm-gnueabihf-1.12.2.tgz
npm	@unrs/resolver-binding-linux-arm-musleabihf	1.12.2	development, optional	MIT		https://registry.npmjs.org/@unrs/resolver-binding-linux-arm-musleabihf/-/resolver-binding-linux-arm-musleabihf-1.12.2.tgz
npm	@unrs/resolver-binding-linux-arm64-gnu	1.12.2	development, optional	MIT		https://registry.npmjs.org/@unrs/resolver-binding-linux-arm64-gnu/-/resolver-binding-linux-arm64-gnu-1.12.2.tgz
npm	@unrs/resolver-binding-linux-arm64-musl	1.12.2	development, optional	MIT		https://registry.npmjs.org/@unrs/resolver-binding-linux-arm64-musl/-/resolver-binding-linux-arm64-musl-1.12.2.tgz
npm	@unrs/resolver-binding-linux-loong64-gnu	1.12.2	development, optional	MIT		https://registry.npmjs.org/@unrs/resolver-binding-linux-loong64-gnu/-/resolver-binding-linux-loong64-gnu-1.12.2.tgz
npm	@unrs/resolver-binding-linux-loong64-musl	1.12.2	development, optional	MIT		https://registry.npmjs.org/@unrs/resolver-binding-linux-loong64-musl/-/resolver-binding-linux-loong64-musl-1.12.2.tgz
npm	@unrs/resolver-binding-linux-ppc64-gnu	1.12.2	development, optional	MIT		https://registry.npmjs.org/@unrs/resolver-binding-linux-ppc64-gnu/-/resolver-binding-linux-ppc64-gnu-1.12.2.tgz
npm	@unrs/resolver-binding-linux-riscv64-gnu	1.12.2	development, optional	MIT		https://registry.npmjs.org/@unrs/resolver-binding-linux-riscv64-gnu/-/resolver-binding-linux-riscv64-gnu-1.12.2.tgz
npm	@unrs/resolver-binding-linux-riscv64-musl	1.12.2	development, optional	MIT		https://registry.npmjs.org/@unrs/resolver-binding-linux-riscv64-musl/-/resolver-binding-linux-riscv64-musl-1.12.2.tgz
npm	@unrs/resolver-binding-linux-s390x-gnu	1.12.2	development, optional	MIT		https://registry.npmjs.org/@unrs/resolver-binding-linux-s390x-gnu/-/resolver-binding-linux-s390x-gnu-1.12.2.tgz
npm	@unrs/resolver-binding-linux-x64-gnu	1.12.2	development, optional	MIT		https://registry.npmjs.org/@unrs/resolver-binding-linux-x64-gnu/-/resolver-binding-linux-x64-gnu-1.12.2.tgz
npm	@unrs/resolver-binding-linux-x64-musl	1.12.2	development, optional	MIT		https://registry.npmjs.org/@unrs/resolver-binding-linux-x64-musl/-/resolver-binding-linux-x64-musl-1.12.2.tgz
npm	@unrs/resolver-binding-openharmony-arm64	1.12.2	development, optional	MIT		https://registry.npmjs.org/@unrs/resolver-binding-openharmony-arm64/-/resolver-binding-openharmony-arm64-1.12.2.tgz
npm	@unrs/resolver-binding-wasm32-wasi	1.12.2	development, optional	MIT		https://registry.npmjs.org/@unrs/resolver-binding-wasm32-wasi/-/resolver-binding-wasm32-wasi-1.12.2.tgz
npm	@unrs/resolver-binding-win32-arm64-msvc	1.12.2	development, optional	MIT		https://registry.npmjs.org/@unrs/resolver-binding-win32-arm64-msvc/-/resolver-binding-win32-arm64-msvc-1.12.2.tgz
npm	@unrs/resolver-binding-win32-ia32-msvc	1.12.2	development, optional	MIT		https://registry.npmjs.org/@unrs/resolver-binding-win32-ia32-msvc/-/resolver-binding-win32-ia32-msvc-1.12.2.tgz
npm	@unrs/resolver-binding-win32-x64-msvc	1.12.2	development, optional	MIT		https://registry.npmjs.org/@unrs/resolver-binding-win32-x64-msvc/-/resolver-binding-win32-x64-msvc-1.12.2.tgz
npm	@vitejs/plugin-react	4.7.0	runtime	MIT		https://registry.npmjs.org/@vitejs/plugin-react/-/plugin-react-4.7.0.tgz
npm	agent-base	7.1.4	development	MIT		https://registry.npmjs.org/agent-base/-/agent-base-7.1.4.tgz
npm	ansi-escapes	4.3.2	development	MIT		https://registry.npmjs.org/ansi-escapes/-/ansi-escapes-4.3.2.tgz
npm	ansi-regex	5.0.1	development	MIT		https://registry.npmjs.org/ansi-regex/-/ansi-regex-5.0.1.tgz
npm	ansi-styles	4.3.0	development	MIT		https://registry.npmjs.org/ansi-styles/-/ansi-styles-4.3.0.tgz
npm	any-promise	1.3.0	development	MIT		https://registry.npmjs.org/any-promise/-/any-promise-1.3.0.tgz
npm	anymatch	3.1.3	development	ISC		https://registry.npmjs.org/anymatch/-/anymatch-3.1.3.tgz
npm	arg	5.0.2	development	MIT		https://registry.npmjs.org/arg/-/arg-5.0.2.tgz
npm	argparse	1.0.10	development	MIT		https://registry.npmjs.org/argparse/-/argparse-1.0.10.tgz
npm	aria-query	5.3.0	development	Apache-2.0		https://registry.npmjs.org/aria-query/-/aria-query-5.3.0.tgz
npm	autoprefixer	10.5.2	development	MIT		https://registry.npmjs.org/autoprefixer/-/autoprefixer-10.5.2.tgz
npm	babel-jest	30.4.1	development	MIT		https://registry.npmjs.org/babel-jest/-/babel-jest-30.4.1.tgz
npm	babel-plugin-istanbul	7.0.1	development	BSD-3-Clause		https://registry.npmjs.org/babel-plugin-istanbul/-/babel-plugin-istanbul-7.0.1.tgz
npm	babel-plugin-jest-hoist	30.4.0	development	MIT		https://registry.npmjs.org/babel-plugin-jest-hoist/-/babel-plugin-jest-hoist-30.4.0.tgz
npm	babel-preset-current-node-syntax	1.2.0	development	MIT		https://registry.npmjs.org/babel-preset-current-node-syntax/-/babel-preset-current-node-syntax-1.2.0.tgz
npm	babel-preset-jest	30.4.0	development	MIT		https://registry.npmjs.org/babel-preset-jest/-/babel-preset-jest-30.4.0.tgz
npm	balanced-match	1.0.2	development	MIT		https://registry.npmjs.org/balanced-match/-/balanced-match-1.0.2.tgz
npm	baseline-browser-mapping	2.10.42	runtime	Apache-2.0		https://registry.npmjs.org/baseline-browser-mapping/-/baseline-browser-mapping-2.10.42.tgz
npm	binary-extensions	2.3.0	development	MIT		https://registry.npmjs.org/binary-extensions/-/binary-extensions-2.3.0.tgz
npm	brace-expansion	2.1.1	development	MIT		https://registry.npmjs.org/brace-expansion/-/brace-expansion-2.1.1.tgz
npm	braces	3.0.3	development	MIT		https://registry.npmjs.org/braces/-/braces-3.0.3.tgz
npm	browserslist	4.28.4	runtime	MIT		https://registry.npmjs.org/browserslist/-/browserslist-4.28.4.tgz
npm	bs-logger	0.2.6	development	MIT		https://registry.npmjs.org/bs-logger/-/bs-logger-0.2.6.tgz
npm	bser	2.1.1	development	Apache-2.0		https://registry.npmjs.org/bser/-/bser-2.1.1.tgz
npm	buffer-from	1.1.2	development	MIT		https://registry.npmjs.org/buffer-from/-/buffer-from-1.1.2.tgz
npm	callsites	3.1.0	development	MIT		https://registry.npmjs.org/callsites/-/callsites-3.1.0.tgz
npm	camelcase	5.3.1	development	MIT		https://registry.npmjs.org/camelcase/-/camelcase-5.3.1.tgz
npm	camelcase-css	2.0.1	development	MIT		https://registry.npmjs.org/camelcase-css/-/camelcase-css-2.0.1.tgz
npm	caniuse-lite	1.0.30001802	runtime	CC-BY-4.0		https://registry.npmjs.org/caniuse-lite/-/caniuse-lite-1.0.30001802.tgz
npm	chalk	4.1.2	development	MIT		https://registry.npmjs.org/chalk/-/chalk-4.1.2.tgz
npm	char-regex	1.0.2	development	MIT		https://registry.npmjs.org/char-regex/-/char-regex-1.0.2.tgz
npm	chokidar	3.6.0	development	MIT		https://registry.npmjs.org/chokidar/-/chokidar-3.6.0.tgz
npm	chokidar/node_modules/glob-parent	5.1.2	development	ISC		https://registry.npmjs.org/glob-parent/-/glob-parent-5.1.2.tgz
npm	ci-info	4.4.0	development	MIT		https://registry.npmjs.org/ci-info/-/ci-info-4.4.0.tgz
npm	cjs-module-lexer	2.2.0	development	MIT		https://registry.npmjs.org/cjs-module-lexer/-/cjs-module-lexer-2.2.0.tgz
npm	class-variance-authority	0.7.1	runtime	Apache-2.0		https://registry.npmjs.org/class-variance-authority/-/class-variance-authority-0.7.1.tgz
npm	cliui	8.0.1	development	ISC		https://registry.npmjs.org/cliui/-/cliui-8.0.1.tgz
npm	cliui/node_modules/emoji-regex	8.0.0	development	MIT		https://registry.npmjs.org/emoji-regex/-/emoji-regex-8.0.0.tgz
npm	cliui/node_modules/string-width	4.2.3	development	MIT		https://registry.npmjs.org/string-width/-/string-width-4.2.3.tgz
npm	cliui/node_modules/strip-ansi	6.0.1	development	MIT		https://registry.npmjs.org/strip-ansi/-/strip-ansi-6.0.1.tgz
npm	cliui/node_modules/wrap-ansi	7.0.0	development	MIT		https://registry.npmjs.org/wrap-ansi/-/wrap-ansi-7.0.0.tgz
npm	clsx	2.1.1	runtime	MIT		https://registry.npmjs.org/clsx/-/clsx-2.1.1.tgz
npm	co	4.6.0	development	MIT		https://registry.npmjs.org/co/-/co-4.6.0.tgz
npm	collect-v8-coverage	1.0.3	development	MIT		https://registry.npmjs.org/collect-v8-coverage/-/collect-v8-coverage-1.0.3.tgz
npm	color-convert	2.0.1	development	MIT		https://registry.npmjs.org/color-convert/-/color-convert-2.0.1.tgz
npm	color-name	1.1.4	development	MIT		https://registry.npmjs.org/color-name/-/color-name-1.1.4.tgz
npm	commander	4.1.1	development	MIT		https://registry.npmjs.org/commander/-/commander-4.1.1.tgz
npm	concat-map	0.0.1	development	MIT		https://registry.npmjs.org/concat-map/-/concat-map-0.0.1.tgz
npm	convert-source-map	2.0.0	runtime	MIT		https://registry.npmjs.org/convert-source-map/-/convert-source-map-2.0.0.tgz
npm	cookie	1.1.1	runtime	MIT		https://registry.npmjs.org/cookie/-/cookie-1.1.1.tgz
npm	cross-spawn	7.0.6	development	MIT		https://registry.npmjs.org/cross-spawn/-/cross-spawn-7.0.6.tgz
npm	css.escape	1.5.1	development	MIT		https://registry.npmjs.org/css.escape/-/css.escape-1.5.1.tgz
npm	cssesc	3.0.0	development	MIT		https://registry.npmjs.org/cssesc/-/cssesc-3.0.0.tgz
npm	cssstyle	4.6.0	development	MIT		https://registry.npmjs.org/cssstyle/-/cssstyle-4.6.0.tgz
npm	csstype	3.2.3	development	MIT		https://registry.npmjs.org/csstype/-/csstype-3.2.3.tgz
npm	cytoscape	3.34.1	runtime	MIT		https://registry.npmjs.org/cytoscape/-/cytoscape-3.34.1.tgz
npm	data-urls	5.0.0	development	MIT		https://registry.npmjs.org/data-urls/-/data-urls-5.0.0.tgz
npm	debug	4.4.3	runtime	MIT		https://registry.npmjs.org/debug/-/debug-4.4.3.tgz
npm	decimal.js	10.6.0	development	MIT		https://registry.npmjs.org/decimal.js/-/decimal.js-10.6.0.tgz
npm	dedent	1.7.2	development	MIT		https://registry.npmjs.org/dedent/-/dedent-1.7.2.tgz
npm	deepmerge	4.3.1	development	MIT		https://registry.npmjs.org/deepmerge/-/deepmerge-4.3.1.tgz
npm	dequal	2.0.3	development	MIT		https://registry.npmjs.org/dequal/-/dequal-2.0.3.tgz
npm	detect-newline	3.1.0	development	MIT		https://registry.npmjs.org/detect-newline/-/detect-newline-3.1.0.tgz
npm	didyoumean	1.2.2	development	Apache-2.0		https://registry.npmjs.org/didyoumean/-/didyoumean-1.2.2.tgz
npm	dlv	1.1.3	development	MIT		https://registry.npmjs.org/dlv/-/dlv-1.1.3.tgz
npm	dom-accessibility-api	0.5.16	development	MIT		https://registry.npmjs.org/dom-accessibility-api/-/dom-accessibility-api-0.5.16.tgz
npm	eastasianwidth	0.2.0	development	MIT		https://registry.npmjs.org/eastasianwidth/-/eastasianwidth-0.2.0.tgz
npm	electron-to-chromium	1.5.387	runtime	ISC		https://registry.npmjs.org/electron-to-chromium/-/electron-to-chromium-1.5.387.tgz
npm	emittery	0.13.1	development	MIT		https://registry.npmjs.org/emittery/-/emittery-0.13.1.tgz
npm	emoji-regex	9.2.2	development	MIT		https://registry.npmjs.org/emoji-regex/-/emoji-regex-9.2.2.tgz
npm	entities	6.0.1	development	BSD-2-Clause		https://registry.npmjs.org/entities/-/entities-6.0.1.tgz
npm	error-ex	1.3.4	development	MIT		https://registry.npmjs.org/error-ex/-/error-ex-1.3.4.tgz
npm	es-errors	1.3.0	development	MIT		https://registry.npmjs.org/es-errors/-/es-errors-1.3.0.tgz
npm	esbuild	0.25.12	runtime	MIT		https://registry.npmjs.org/esbuild/-/esbuild-0.25.12.tgz
npm	escalade	3.2.0	runtime	MIT		https://registry.npmjs.org/escalade/-/escalade-3.2.0.tgz
npm	escape-string-regexp	2.0.0	development	MIT		https://registry.npmjs.org/escape-string-regexp/-/escape-string-regexp-2.0.0.tgz
npm	esprima	4.0.1	development	BSD-2-Clause		https://registry.npmjs.org/esprima/-/esprima-4.0.1.tgz
npm	execa	5.1.1	development	MIT		https://registry.npmjs.org/execa/-/execa-5.1.1.tgz
npm	execa/node_modules/signal-exit	3.0.7	development	ISC		https://registry.npmjs.org/signal-exit/-/signal-exit-3.0.7.tgz
npm	exit-x	0.2.2	development	MIT		https://registry.npmjs.org/exit-x/-/exit-x-0.2.2.tgz
npm	expect	30.4.1	development	MIT		https://registry.npmjs.org/expect/-/expect-30.4.1.tgz
npm	fast-glob	3.3.3	development	MIT		https://registry.npmjs.org/fast-glob/-/fast-glob-3.3.3.tgz
npm	fast-glob/node_modules/glob-parent	5.1.2	development	ISC		https://registry.npmjs.org/glob-parent/-/glob-parent-5.1.2.tgz
npm	fast-json-stable-stringify	2.1.0	development	MIT		https://registry.npmjs.org/fast-json-stable-stringify/-/fast-json-stable-stringify-2.1.0.tgz
npm	fastq	1.20.1	development	ISC		https://registry.npmjs.org/fastq/-/fastq-1.20.1.tgz
npm	fb-watchman	2.0.2	development	Apache-2.0		https://registry.npmjs.org/fb-watchman/-/fb-watchman-2.0.2.tgz
npm	fill-range	7.1.1	development	MIT		https://registry.npmjs.org/fill-range/-/fill-range-7.1.1.tgz
npm	find-up	4.1.0	development	MIT		https://registry.npmjs.org/find-up/-/find-up-4.1.0.tgz
npm	foreground-child	3.3.1	development	ISC		https://registry.npmjs.org/foreground-child/-/foreground-child-3.3.1.tgz
npm	fraction.js	5.3.4	development	MIT		https://registry.npmjs.org/fraction.js/-/fraction.js-5.3.4.tgz
npm	fs.realpath	1.0.0	development	ISC		https://registry.npmjs.org/fs.realpath/-/fs.realpath-1.0.0.tgz
npm	fsevents	2.3.3	runtime, optional	MIT		https://registry.npmjs.org/fsevents/-/fsevents-2.3.3.tgz
npm	function-bind	1.1.2	development	MIT		https://registry.npmjs.org/function-bind/-/function-bind-1.1.2.tgz
npm	gensync	1.0.0-beta.2	runtime	MIT		https://registry.npmjs.org/gensync/-/gensync-1.0.0-beta.2.tgz
npm	get-caller-file	2.0.5	development	ISC		https://registry.npmjs.org/get-caller-file/-/get-caller-file-2.0.5.tgz
npm	get-package-type	0.4.0	development	MIT		https://registry.npmjs.org/get-package-type/-/get-package-type-0.1.0.tgz
npm	get-stream	6.0.1	development	MIT		https://registry.npmjs.org/get-stream/-/get-stream-6.0.1.tgz
npm	glob	10.5.0	development	ISC		https://registry.npmjs.org/glob/-/glob-10.5.0.tgz
npm	glob-parent	6.0.2	development	ISC		https://registry.npmjs.org/glob-parent/-/glob-parent-6.0.2.tgz
npm	graceful-fs	4.2.11	development	ISC		https://registry.npmjs.org/graceful-fs/-/graceful-fs-4.2.11.tgz
npm	handlebars	4.7.9	development	MIT		https://registry.npmjs.org/handlebars/-/handlebars-4.7.9.tgz
npm	harmony-reflect	1.6.2	development	(Apache-2.0 OR MPL-1.1)		https://registry.npmjs.org/harmony-reflect/-/harmony-reflect-1.6.2.tgz
npm	has-flag	4.0.0	development	MIT		https://registry.npmjs.org/has-flag/-/has-flag-4.0.0.tgz
npm	hasown	2.0.4	development	MIT		https://registry.npmjs.org/hasown/-/hasown-2.0.4.tgz
npm	html-encoding-sniffer	4.0.0	development	MIT		https://registry.npmjs.org/html-encoding-sniffer/-/html-encoding-sniffer-4.0.0.tgz
npm	html-escaper	2.0.2	development	MIT		https://registry.npmjs.org/html-escaper/-/html-escaper-2.0.2.tgz
npm	http-proxy-agent	7.0.2	development	MIT		https://registry.npmjs.org/http-proxy-agent/-/http-proxy-agent-7.0.2.tgz
npm	https-proxy-agent	7.0.6	development	MIT		https://registry.npmjs.org/https-proxy-agent/-/https-proxy-agent-7.0.6.tgz
npm	human-signals	2.1.0	development	Apache-2.0		https://registry.npmjs.org/human-signals/-/human-signals-2.1.0.tgz
npm	iconv-lite	0.6.3	development	MIT		https://registry.npmjs.org/iconv-lite/-/iconv-lite-0.6.3.tgz
npm	identity-obj-proxy	3.0.0	development	MIT		https://registry.npmjs.org/identity-obj-proxy/-/identity-obj-proxy-3.0.0.tgz
npm	import-local	3.2.0	development	MIT		https://registry.npmjs.org/import-local/-/import-local-3.2.0.tgz
npm	imurmurhash	0.1.4	development	MIT		https://registry.npmjs.org/imurmurhash/-/imurmurhash-0.1.4.tgz
npm	indent-string	4.0.0	development	MIT		https://registry.npmjs.org/indent-string/-/indent-string-4.0.0.tgz
npm	inflight	1.0.6	development	ISC		https://registry.npmjs.org/inflight/-/inflight-1.0.6.tgz
npm	inherits	2.0.4	development	ISC		https://registry.npmjs.org/inherits/-/inherits-2.0.4.tgz
npm	is-arrayish	0.2.1	development	MIT		https://registry.npmjs.org/is-arrayish/-/is-arrayish-0.2.1.tgz
npm	is-binary-path	2.1.0	development	MIT		https://registry.npmjs.org/is-binary-path/-/is-binary-path-2.1.0.tgz
npm	is-core-module	2.16.2	development	MIT		https://registry.npmjs.org/is-core-module/-/is-core-module-2.16.2.tgz
npm	is-extglob	2.1.1	development	MIT		https://registry.npmjs.org/is-extglob/-/is-extglob-2.1.1.tgz
npm	is-fullwidth-code-point	3.0.0	development	MIT		https://registry.npmjs.org/is-fullwidth-code-point/-/is-fullwidth-code-point-3.0.0.tgz
npm	is-generator-fn	2.1.0	development	MIT		https://registry.npmjs.org/is-generator-fn/-/is-generator-fn-2.1.0.tgz
npm	is-glob	4.0.3	development	MIT		https://registry.npmjs.org/is-glob/-/is-glob-4.0.3.tgz
npm	is-number	7.0.0	development	MIT		https://registry.npmjs.org/is-number/-/is-number-7.0.0.tgz
npm	is-potential-custom-element-name	1.0.1	development	MIT		https://registry.npmjs.org/is-potential-custom-element-name/-/is-potential-custom-element-name-1.0.1.tgz
npm	is-stream	2.0.1	development	MIT		https://registry.npmjs.org/is-stream/-/is-stream-2.0.1.tgz
npm	isexe	2.0.0	development	ISC		https://registry.npmjs.org/isexe/-/isexe-2.0.0.tgz
npm	istanbul-lib-coverage	3.2.2	development	BSD-3-Clause		https://registry.npmjs.org/istanbul-lib-coverage/-/istanbul-lib-coverage-3.2.2.tgz
npm	istanbul-lib-instrument	6.0.3	development	BSD-3-Clause		https://registry.npmjs.org/istanbul-lib-instrument/-/istanbul-lib-instrument-6.0.3.tgz
npm	istanbul-lib-instrument/node_modules/semver	7.8.5	development	ISC		https://registry.npmjs.org/semver/-/semver-7.8.5.tgz
npm	istanbul-lib-report	3.0.1	development	BSD-3-Clause		https://registry.npmjs.org/istanbul-lib-report/-/istanbul-lib-report-3.0.1.tgz
npm	istanbul-lib-source-maps	5.0.6	development	BSD-3-Clause		https://registry.npmjs.org/istanbul-lib-source-maps/-/istanbul-lib-source-maps-5.0.6.tgz
npm	istanbul-reports	3.2.0	development	BSD-3-Clause		https://registry.npmjs.org/istanbul-reports/-/istanbul-reports-3.2.0.tgz
npm	jackspeak	3.4.3	development	BlueOak-1.0.0		https://registry.npmjs.org/jackspeak/-/jackspeak-3.4.3.tgz
npm	jest	30.4.2	development	MIT		https://registry.npmjs.org/jest/-/jest-30.4.2.tgz
npm	jest-changed-files	30.4.1	development	MIT		https://registry.npmjs.org/jest-changed-files/-/jest-changed-files-30.4.1.tgz
npm	jest-circus	30.4.2	development	MIT		https://registry.npmjs.org/jest-circus/-/jest-circus-30.4.2.tgz
npm	jest-circus/node_modules/ansi-styles	5.2.0	development	MIT		https://registry.npmjs.org/ansi-styles/-/ansi-styles-5.2.0.tgz
npm	jest-circus/node_modules/pretty-format	30.4.1	development	MIT		https://registry.npmjs.org/pretty-format/-/pretty-format-30.4.1.tgz
npm	jest-cli	30.4.2	development	MIT		https://registry.npmjs.org/jest-cli/-/jest-cli-30.4.2.tgz
npm	jest-config	30.4.2	development	MIT		https://registry.npmjs.org/jest-config/-/jest-config-30.4.2.tgz
npm	jest-config/node_modules/ansi-styles	5.2.0	development	MIT		https://registry.npmjs.org/ansi-styles/-/ansi-styles-5.2.0.tgz
npm	jest-config/node_modules/pretty-format	30.4.1	development	MIT		https://registry.npmjs.org/pretty-format/-/pretty-format-30.4.1.tgz
npm	jest-diff	30.4.1	development	MIT		https://registry.npmjs.org/jest-diff/-/jest-diff-30.4.1.tgz
npm	jest-diff/node_modules/ansi-styles	5.2.0	development	MIT		https://registry.npmjs.org/ansi-styles/-/ansi-styles-5.2.0.tgz
npm	jest-diff/node_modules/pretty-format	30.4.1	development	MIT		https://registry.npmjs.org/pretty-format/-/pretty-format-30.4.1.tgz
npm	jest-docblock	30.4.0	development	MIT		https://registry.npmjs.org/jest-docblock/-/jest-docblock-30.4.0.tgz
npm	jest-each	30.4.1	development	MIT		https://registry.npmjs.org/jest-each/-/jest-each-30.4.1.tgz
npm	jest-each/node_modules/ansi-styles	5.2.0	development	MIT		https://registry.npmjs.org/ansi-styles/-/ansi-styles-5.2.0.tgz
npm	jest-each/node_modules/pretty-format	30.4.1	development	MIT		https://registry.npmjs.org/pretty-format/-/pretty-format-30.4.1.tgz
npm	jest-environment-jsdom	30.4.1	development	MIT		https://registry.npmjs.org/jest-environment-jsdom/-/jest-environment-jsdom-30.4.1.tgz
npm	jest-environment-node	30.4.1	development	MIT		https://registry.npmjs.org/jest-environment-node/-/jest-environment-node-30.4.1.tgz
npm	jest-haste-map	30.4.1	development	MIT		https://registry.npmjs.org/jest-haste-map/-/jest-haste-map-30.4.1.tgz
npm	jest-haste-map/node_modules/picomatch	4.0.5	development	MIT		https://registry.npmjs.org/picomatch/-/picomatch-4.0.5.tgz
npm	jest-leak-detector	30.4.1	development	MIT		https://registry.npmjs.org/jest-leak-detector/-/jest-leak-detector-30.4.1.tgz
npm	jest-leak-detector/node_modules/ansi-styles	5.2.0	development	MIT		https://registry.npmjs.org/ansi-styles/-/ansi-styles-5.2.0.tgz
npm	jest-leak-detector/node_modules/pretty-format	30.4.1	development	MIT		https://registry.npmjs.org/pretty-format/-/pretty-format-30.4.1.tgz
npm	jest-matcher-utils	30.4.1	development	MIT		https://registry.npmjs.org/jest-matcher-utils/-/jest-matcher-utils-30.4.1.tgz
npm	jest-matcher-utils/node_modules/ansi-styles	5.2.0	development	MIT		https://registry.npmjs.org/ansi-styles/-/ansi-styles-5.2.0.tgz
npm	jest-matcher-utils/node_modules/pretty-format	30.4.1	development	MIT		https://registry.npmjs.org/pretty-format/-/pretty-format-30.4.1.tgz
npm	jest-message-util	30.4.1	development	MIT		https://registry.npmjs.org/jest-message-util/-/jest-message-util-30.4.1.tgz
npm	jest-message-util/node_modules/ansi-styles	5.2.0	development	MIT		https://registry.npmjs.org/ansi-styles/-/ansi-styles-5.2.0.tgz
npm	jest-message-util/node_modules/picomatch	4.0.5	development	MIT		https://registry.npmjs.org/picomatch/-/picomatch-4.0.5.tgz
npm	jest-message-util/node_modules/pretty-format	30.4.1	development	MIT		https://registry.npmjs.org/pretty-format/-/pretty-format-30.4.1.tgz
npm	jest-mock	30.4.1	development	MIT		https://registry.npmjs.org/jest-mock/-/jest-mock-30.4.1.tgz
npm	jest-pnp-resolver	1.2.3	development	MIT		https://registry.npmjs.org/jest-pnp-resolver/-/jest-pnp-resolver-1.2.3.tgz
npm	jest-regex-util	30.4.0	development	MIT		https://registry.npmjs.org/jest-regex-util/-/jest-regex-util-30.4.0.tgz
npm	jest-resolve	30.4.1	development	MIT		https://registry.npmjs.org/jest-resolve/-/jest-resolve-30.4.1.tgz
npm	jest-resolve-dependencies	30.4.2	development	MIT		https://registry.npmjs.org/jest-resolve-dependencies/-/jest-resolve-dependencies-30.4.2.tgz
npm	jest-runner	30.4.2	development	MIT		https://registry.npmjs.org/jest-runner/-/jest-runner-30.4.2.tgz
npm	jest-runtime	30.4.2	development	MIT		https://registry.npmjs.org/jest-runtime/-/jest-runtime-30.4.2.tgz
npm	jest-snapshot	30.4.1	development	MIT		https://registry.npmjs.org/jest-snapshot/-/jest-snapshot-30.4.1.tgz
npm	jest-snapshot/node_modules/ansi-styles	5.2.0	development	MIT		https://registry.npmjs.org/ansi-styles/-/ansi-styles-5.2.0.tgz
npm	jest-snapshot/node_modules/pretty-format	30.4.1	development	MIT		https://registry.npmjs.org/pretty-format/-/pretty-format-30.4.1.tgz
npm	jest-snapshot/node_modules/semver	7.8.5	development	ISC		https://registry.npmjs.org/semver/-/semver-7.8.5.tgz
npm	jest-util	30.4.1	development	MIT		https://registry.npmjs.org/jest-util/-/jest-util-30.4.1.tgz
npm	jest-util/node_modules/picomatch	4.0.5	development	MIT		https://registry.npmjs.org/picomatch/-/picomatch-4.0.5.tgz
npm	jest-validate	30.4.1	development	MIT		https://registry.npmjs.org/jest-validate/-/jest-validate-30.4.1.tgz
npm	jest-validate/node_modules/ansi-styles	5.2.0	development	MIT		https://registry.npmjs.org/ansi-styles/-/ansi-styles-5.2.0.tgz
npm	jest-validate/node_modules/camelcase	6.3.0	development	MIT		https://registry.npmjs.org/camelcase/-/camelcase-6.3.0.tgz
npm	jest-validate/node_modules/pretty-format	30.4.1	development	MIT		https://registry.npmjs.org/pretty-format/-/pretty-format-30.4.1.tgz
npm	jest-watcher	30.4.1	development	MIT		https://registry.npmjs.org/jest-watcher/-/jest-watcher-30.4.1.tgz
npm	jest-worker	30.4.1	development	MIT		https://registry.npmjs.org/jest-worker/-/jest-worker-30.4.1.tgz
npm	jest-worker/node_modules/supports-color	8.1.1	development	MIT		https://registry.npmjs.org/supports-color/-/supports-color-8.1.1.tgz
npm	jiti	1.21.7	runtime	MIT		https://registry.npmjs.org/jiti/-/jiti-1.21.7.tgz
npm	js-tokens	4.0.0	runtime	MIT		https://registry.npmjs.org/js-tokens/-/js-tokens-4.0.0.tgz
npm	js-yaml	3.15.0	development	MIT		https://registry.npmjs.org/js-yaml/-/js-yaml-3.15.0.tgz
npm	jsdom	26.1.0	development	MIT		https://registry.npmjs.org/jsdom/-/jsdom-26.1.0.tgz
npm	jsesc	3.1.0	runtime	MIT		https://registry.npmjs.org/jsesc/-/jsesc-3.1.0.tgz
npm	json-parse-even-better-errors	2.3.1	development	MIT		https://registry.npmjs.org/json-parse-even-better-errors/-/json-parse-even-better-errors-2.3.1.tgz
npm	json5	2.2.3	runtime	MIT		https://registry.npmjs.org/json5/-/json5-2.2.3.tgz
npm	leven	3.1.0	development	MIT		https://registry.npmjs.org/leven/-/leven-3.1.0.tgz
npm	lilconfig	3.1.3	development	MIT		https://registry.npmjs.org/lilconfig/-/lilconfig-3.1.3.tgz
npm	lines-and-columns	1.2.4	development	MIT		https://registry.npmjs.org/lines-and-columns/-/lines-and-columns-1.2.4.tgz
npm	locate-path	5.0.0	development	MIT		https://registry.npmjs.org/locate-path/-/locate-path-5.0.0.tgz
npm	lodash.memoize	4.1.2	development	MIT		https://registry.npmjs.org/lodash.memoize/-/lodash.memoize-4.1.2.tgz
npm	lru-cache	5.1.1	runtime	ISC		https://registry.npmjs.org/lru-cache/-/lru-cache-5.1.1.tgz
npm	lz-string	1.5.0	development	MIT		https://registry.npmjs.org/lz-string/-/lz-string-1.5.0.tgz
npm	make-dir	4.0.0	development	MIT		https://registry.npmjs.org/make-dir/-/make-dir-4.0.0.tgz
npm	make-dir/node_modules/semver	7.8.5	development	ISC		https://registry.npmjs.org/semver/-/semver-7.8.5.tgz
npm	make-error	1.3.6	development	ISC		https://registry.npmjs.org/make-error/-/make-error-1.3.6.tgz
npm	makeerror	1.0.12	development	BSD-3-Clause		https://registry.npmjs.org/makeerror/-/makeerror-1.0.12.tgz
npm	merge-stream	2.0.0	development	MIT		https://registry.npmjs.org/merge-stream/-/merge-stream-2.0.0.tgz
npm	merge2	1.4.1	development	MIT		https://registry.npmjs.org/merge2/-/merge2-1.4.1.tgz
npm	micromatch	4.0.8	development	MIT		https://registry.npmjs.org/micromatch/-/micromatch-4.0.8.tgz
npm	mimic-fn	2.1.0	development	MIT		https://registry.npmjs.org/mimic-fn/-/mimic-fn-2.1.0.tgz
npm	min-indent	1.0.1	development	MIT		https://registry.npmjs.org/min-indent/-/min-indent-1.0.1.tgz
npm	minimatch	9.0.9	development	ISC		https://registry.npmjs.org/minimatch/-/minimatch-9.0.9.tgz
npm	minimist	1.2.8	development	MIT		https://registry.npmjs.org/minimist/-/minimist-1.2.8.tgz
npm	minipass	7.1.3	development	BlueOak-1.0.0		https://registry.npmjs.org/minipass/-/minipass-7.1.3.tgz
npm	ms	2.1.3	runtime	MIT		https://registry.npmjs.org/ms/-/ms-2.1.3.tgz
npm	mz	2.7.0	development	MIT		https://registry.npmjs.org/mz/-/mz-2.7.0.tgz
npm	nanoid	3.3.15	runtime	MIT		https://registry.npmjs.org/nanoid/-/nanoid-3.3.15.tgz
npm	napi-postinstall	0.3.4	development	MIT		https://registry.npmjs.org/napi-postinstall/-/napi-postinstall-0.3.4.tgz
npm	natural-compare	1.4.0	development	MIT		https://registry.npmjs.org/natural-compare/-/natural-compare-1.4.0.tgz
npm	neo-async	2.6.2	development	MIT		https://registry.npmjs.org/neo-async/-/neo-async-2.6.2.tgz
npm	node-int64	0.4.0	development	MIT		https://registry.npmjs.org/node-int64/-/node-int64-0.4.0.tgz
npm	node-releases	2.0.50	runtime	MIT		https://registry.npmjs.org/node-releases/-/node-releases-2.0.50.tgz
npm	normalize-path	3.0.0	development	MIT		https://registry.npmjs.org/normalize-path/-/normalize-path-3.0.0.tgz
npm	npm-run-path	4.0.1	development	MIT		https://registry.npmjs.org/npm-run-path/-/npm-run-path-4.0.1.tgz
npm	nwsapi	2.2.24	development	MIT		https://registry.npmjs.org/nwsapi/-/nwsapi-2.2.24.tgz
npm	object-assign	4.1.1	development	MIT		https://registry.npmjs.org/object-assign/-/object-assign-4.1.1.tgz
npm	object-hash	3.0.0	development	MIT		https://registry.npmjs.org/object-hash/-/object-hash-3.0.0.tgz
npm	once	1.4.0	development	ISC		https://registry.npmjs.org/once/-/once-1.4.0.tgz
npm	onetime	5.1.2	development	MIT		https://registry.npmjs.org/onetime/-/onetime-5.1.2.tgz
npm	p-limit	3.1.0	development	MIT		https://registry.npmjs.org/p-limit/-/p-limit-3.1.0.tgz
npm	p-locate	4.1.0	development	MIT		https://registry.npmjs.org/p-locate/-/p-locate-4.1.0.tgz
npm	p-locate/node_modules/p-limit	2.3.0	development	MIT		https://registry.npmjs.org/p-limit/-/p-limit-2.3.0.tgz
npm	p-try	2.2.0	development	MIT		https://registry.npmjs.org/p-try/-/p-try-2.2.0.tgz
npm	package-json-from-dist	1.0.1	development	BlueOak-1.0.0		https://registry.npmjs.org/package-json-from-dist/-/package-json-from-dist-1.0.1.tgz
npm	parse-json	5.2.0	development	MIT		https://registry.npmjs.org/parse-json/-/parse-json-5.2.0.tgz
npm	parse5	7.3.0	development	MIT		https://registry.npmjs.org/parse5/-/parse5-7.3.0.tgz
npm	path-exists	4.0.0	development	MIT		https://registry.npmjs.org/path-exists/-/path-exists-4.0.0.tgz
npm	path-is-absolute	1.0.1	development	MIT		https://registry.npmjs.org/path-is-absolute/-/path-is-absolute-1.0.1.tgz
npm	path-key	3.1.1	development	MIT		https://registry.npmjs.org/path-key/-/path-key-3.1.1.tgz
npm	path-parse	1.0.7	development	MIT		https://registry.npmjs.org/path-parse/-/path-parse-1.0.7.tgz
npm	path-scurry	1.11.1	development	BlueOak-1.0.0		https://registry.npmjs.org/path-scurry/-/path-scurry-1.11.1.tgz
npm	path-scurry/node_modules/lru-cache	10.4.3	development	ISC		https://registry.npmjs.org/lru-cache/-/lru-cache-10.4.3.tgz
npm	picocolors	1.1.1	runtime	ISC		https://registry.npmjs.org/picocolors/-/picocolors-1.1.1.tgz
npm	picomatch	2.3.2	development	MIT		https://registry.npmjs.org/picomatch/-/picomatch-2.3.2.tgz
npm	pify	2.3.0	development	MIT		https://registry.npmjs.org/pify/-/pify-2.3.0.tgz
npm	pirates	4.0.7	development	MIT		https://registry.npmjs.org/pirates/-/pirates-4.0.7.tgz
npm	pkg-dir	4.2.0	development	MIT		https://registry.npmjs.org/pkg-dir/-/pkg-dir-4.2.0.tgz
npm	postcss	8.5.16	runtime	MIT		https://registry.npmjs.org/postcss/-/postcss-8.5.16.tgz
npm	postcss-import	15.1.0	development	MIT		https://registry.npmjs.org/postcss-import/-/postcss-import-15.1.0.tgz
npm	postcss-js	4.1.0	development	MIT		https://registry.npmjs.org/postcss-js/-/postcss-js-4.1.0.tgz
npm	postcss-load-config	6.0.1	development	MIT		https://registry.npmjs.org/postcss-load-config/-/postcss-load-config-6.0.1.tgz
npm	postcss-nested	6.2.0	development	MIT		https://registry.npmjs.org/postcss-nested/-/postcss-nested-6.2.0.tgz
npm	postcss-selector-parser	6.1.4	development	MIT		https://registry.npmjs.org/postcss-selector-parser/-/postcss-selector-parser-6.1.4.tgz
npm	postcss-value-parser	4.2.0	development	MIT		https://registry.npmjs.org/postcss-value-parser/-/postcss-value-parser-4.2.0.tgz
npm	pretty-format	27.5.1	development	MIT		https://registry.npmjs.org/pretty-format/-/pretty-format-27.5.1.tgz
npm	pretty-format/node_modules/ansi-styles	5.2.0	development	MIT		https://registry.npmjs.org/ansi-styles/-/ansi-styles-5.2.0.tgz
npm	punycode	2.3.1	development	MIT		https://registry.npmjs.org/punycode/-/punycode-2.3.1.tgz
npm	pure-rand	7.0.1	development	MIT		https://registry.npmjs.org/pure-rand/-/pure-rand-7.0.1.tgz
npm	queue-microtask	1.2.3	development	MIT		https://registry.npmjs.org/queue-microtask/-/queue-microtask-1.2.3.tgz
npm	react	19.2.7	runtime	MIT		https://registry.npmjs.org/react/-/react-19.2.7.tgz
npm	react-dom	19.2.7	runtime	MIT		https://registry.npmjs.org/react-dom/-/react-dom-19.2.7.tgz
npm	react-is	17.0.2	development	MIT		https://registry.npmjs.org/react-is/-/react-is-17.0.2.tgz
npm	react-is	18.3.1	development	MIT		https://registry.npmjs.org/react-is/-/react-is-18.3.1.tgz
npm	react-is	19.2.7	development	MIT		https://registry.npmjs.org/react-is/-/react-is-19.2.7.tgz
npm	react-refresh	0.17.0	runtime	MIT		https://registry.npmjs.org/react-refresh/-/react-refresh-0.17.0.tgz
npm	react-router	7.18.1	runtime	MIT		https://registry.npmjs.org/react-router/-/react-router-7.18.1.tgz
npm	react-router-dom	7.18.1	runtime	MIT		https://registry.npmjs.org/react-router-dom/-/react-router-dom-7.18.1.tgz
npm	read-cache	1.0.0	development	MIT		https://registry.npmjs.org/read-cache/-/read-cache-1.0.0.tgz
npm	readdirp	3.6.0	development	MIT		https://registry.npmjs.org/readdirp/-/readdirp-3.6.0.tgz
npm	redent	3.0.0	development	MIT		https://registry.npmjs.org/redent/-/redent-3.0.0.tgz
npm	require-directory	2.1.1	development	MIT		https://registry.npmjs.org/require-directory/-/require-directory-2.1.1.tgz
npm	resolve	1.22.12	development	MIT		https://registry.npmjs.org/resolve/-/resolve-1.22.12.tgz
npm	resolve-cwd	3.0.0	development	MIT		https://registry.npmjs.org/resolve-cwd/-/resolve-cwd-3.0.0.tgz
npm	resolve-from	5.0.0	development	MIT		https://registry.npmjs.org/resolve-from/-/resolve-from-5.0.0.tgz
npm	reusify	1.1.0	development	MIT		https://registry.npmjs.org/reusify/-/reusify-1.1.0.tgz
npm	rollup	4.62.2	runtime	MIT		https://registry.npmjs.org/rollup/-/rollup-4.62.2.tgz
npm	rrweb-cssom	0.8.0	development	MIT		https://registry.npmjs.org/rrweb-cssom/-/rrweb-cssom-0.8.0.tgz
npm	run-parallel	1.2.0	development	MIT		https://registry.npmjs.org/run-parallel/-/run-parallel-1.2.0.tgz
npm	safer-buffer	2.1.2	development	MIT		https://registry.npmjs.org/safer-buffer/-/safer-buffer-2.1.2.tgz
npm	saxes	6.0.0	development	ISC		https://registry.npmjs.org/saxes/-/saxes-6.0.0.tgz
npm	scheduler	0.27.0	runtime	MIT		https://registry.npmjs.org/scheduler/-/scheduler-0.27.0.tgz
npm	semver	6.3.1	runtime	ISC		https://registry.npmjs.org/semver/-/semver-6.3.1.tgz
npm	set-cookie-parser	2.7.2	runtime	MIT		https://registry.npmjs.org/set-cookie-parser/-/set-cookie-parser-2.7.2.tgz
npm	shebang-command	2.0.0	development	MIT		https://registry.npmjs.org/shebang-command/-/shebang-command-2.0.0.tgz
npm	shebang-regex	3.0.0	development	MIT		https://registry.npmjs.org/shebang-regex/-/shebang-regex-3.0.0.tgz
npm	signal-exit	4.1.0	development	ISC		https://registry.npmjs.org/signal-exit/-/signal-exit-4.1.0.tgz
npm	slash	3.0.0	development	MIT		https://registry.npmjs.org/slash/-/slash-3.0.0.tgz
npm	source-map	0.6.1	development	BSD-3-Clause		https://registry.npmjs.org/source-map/-/source-map-0.6.1.tgz
npm	source-map-js	1.2.1	runtime	BSD-3-Clause		https://registry.npmjs.org/source-map-js/-/source-map-js-1.2.1.tgz
npm	source-map-support	0.5.13	development	MIT		https://registry.npmjs.org/source-map-support/-/source-map-support-0.5.13.tgz
npm	sprintf-js	1.0.3	development	BSD-3-Clause		https://registry.npmjs.org/sprintf-js/-/sprintf-js-1.0.3.tgz
npm	stack-utils	2.0.6	development	MIT		https://registry.npmjs.org/stack-utils/-/stack-utils-2.0.6.tgz
npm	string-length	4.0.2	development	MIT		https://registry.npmjs.org/string-length/-/string-length-4.0.2.tgz
npm	string-length/node_modules/strip-ansi	6.0.1	development	MIT		https://registry.npmjs.org/strip-ansi/-/strip-ansi-6.0.1.tgz
npm	string-width	4.2.3	development	MIT		https://registry.npmjs.org/string-width/-/string-width-4.2.3.tgz
npm	string-width	5.1.2	development	MIT		https://registry.npmjs.org/string-width/-/string-width-5.1.2.tgz
npm	string-width-cjs/node_modules/emoji-regex	8.0.0	development	MIT		https://registry.npmjs.org/emoji-regex/-/emoji-regex-8.0.0.tgz
npm	string-width-cjs/node_modules/strip-ansi	6.0.1	development	MIT		https://registry.npmjs.org/strip-ansi/-/strip-ansi-6.0.1.tgz
npm	strip-ansi	6.0.1	development	MIT		https://registry.npmjs.org/strip-ansi/-/strip-ansi-6.0.1.tgz
npm	strip-ansi	7.2.0	development	MIT		https://registry.npmjs.org/strip-ansi/-/strip-ansi-7.2.0.tgz
npm	strip-ansi/node_modules/ansi-regex	6.2.2	development	MIT		https://registry.npmjs.org/ansi-regex/-/ansi-regex-6.2.2.tgz
npm	strip-bom	4.0.0	development	MIT		https://registry.npmjs.org/strip-bom/-/strip-bom-4.0.0.tgz
npm	strip-final-newline	2.0.0	development	MIT		https://registry.npmjs.org/strip-final-newline/-/strip-final-newline-2.0.0.tgz
npm	strip-indent	3.0.0	development	MIT		https://registry.npmjs.org/strip-indent/-/strip-indent-3.0.0.tgz
npm	strip-json-comments	3.1.1	development	MIT		https://registry.npmjs.org/strip-json-comments/-/strip-json-comments-3.1.1.tgz
npm	sucrase	3.35.1	development	MIT		https://registry.npmjs.org/sucrase/-/sucrase-3.35.1.tgz
npm	supports-color	7.2.0	development	MIT		https://registry.npmjs.org/supports-color/-/supports-color-7.2.0.tgz
npm	supports-preserve-symlinks-flag	1.0.0	development	MIT		https://registry.npmjs.org/supports-preserve-symlinks-flag/-/supports-preserve-symlinks-flag-1.0.0.tgz
npm	symbol-tree	3.2.4	development	MIT		https://registry.npmjs.org/symbol-tree/-/symbol-tree-3.2.4.tgz
npm	synckit	0.11.13	development	MIT		https://registry.npmjs.org/synckit/-/synckit-0.11.13.tgz
npm	tailwind-merge	3.6.0	runtime	MIT		https://registry.npmjs.org/tailwind-merge/-/tailwind-merge-3.6.0.tgz
npm	tailwindcss	3.4.19	development	MIT		https://registry.npmjs.org/tailwindcss/-/tailwindcss-3.4.19.tgz
npm	test-exclude	6.0.0	development	ISC		https://registry.npmjs.org/test-exclude/-/test-exclude-6.0.0.tgz
npm	test-exclude/node_modules/brace-expansion	1.1.15	development	MIT		https://registry.npmjs.org/brace-expansion/-/brace-expansion-1.1.15.tgz
npm	test-exclude/node_modules/glob	7.2.3	development	ISC		https://registry.npmjs.org/glob/-/glob-7.2.3.tgz
npm	test-exclude/node_modules/minimatch	3.1.5	development	ISC		https://registry.npmjs.org/minimatch/-/minimatch-3.1.5.tgz
npm	thenify	3.3.1	development	MIT		https://registry.npmjs.org/thenify/-/thenify-3.3.1.tgz
npm	thenify-all	1.6.0	development	MIT		https://registry.npmjs.org/thenify-all/-/thenify-all-1.6.0.tgz
npm	tinyglobby	0.2.17	runtime	MIT		https://registry.npmjs.org/tinyglobby/-/tinyglobby-0.2.17.tgz
npm	tinyglobby/node_modules/fdir	6.5.0	runtime	MIT		https://registry.npmjs.org/fdir/-/fdir-6.5.0.tgz
npm	tinyglobby/node_modules/picomatch	4.0.5	runtime	MIT		https://registry.npmjs.org/picomatch/-/picomatch-4.0.5.tgz
npm	tldts	6.1.86	development	MIT		https://registry.npmjs.org/tldts/-/tldts-6.1.86.tgz
npm	tldts-core	6.1.86	development	MIT		https://registry.npmjs.org/tldts-core/-/tldts-core-6.1.86.tgz
npm	tmpl	1.0.5	development	BSD-3-Clause		https://registry.npmjs.org/tmpl/-/tmpl-1.0.5.tgz
npm	to-regex-range	5.0.1	development	MIT		https://registry.npmjs.org/to-regex-range/-/to-regex-range-5.0.1.tgz
npm	tough-cookie	5.1.2	development	BSD-3-Clause		https://registry.npmjs.org/tough-cookie/-/tough-cookie-5.1.2.tgz
npm	tr46	5.1.1	development	MIT		https://registry.npmjs.org/tr46/-/tr46-5.1.1.tgz
npm	ts-interface-checker	0.1.13	development	Apache-2.0		https://registry.npmjs.org/ts-interface-checker/-/ts-interface-checker-0.1.13.tgz
npm	ts-jest	29.4.11	development	MIT		https://registry.npmjs.org/ts-jest/-/ts-jest-29.4.11.tgz
npm	ts-jest/node_modules/semver	7.8.5	development	ISC		https://registry.npmjs.org/semver/-/semver-7.8.5.tgz
npm	ts-jest/node_modules/type-fest	4.41.0	development	(MIT OR CC0-1.0)		https://registry.npmjs.org/type-fest/-/type-fest-4.41.0.tgz
npm	tslib	2.8.1	development, optional	0BSD		https://registry.npmjs.org/tslib/-/tslib-2.8.1.tgz
npm	type-detect	4.0.8	development	MIT		https://registry.npmjs.org/type-detect/-/type-detect-4.0.8.tgz
npm	type-fest	0.21.3	development	(MIT OR CC0-1.0)		https://registry.npmjs.org/type-fest/-/type-fest-0.21.3.tgz
npm	typescript	5.9.3	runtime	Apache-2.0		https://registry.npmjs.org/typescript/-/typescript-5.9.3.tgz
npm	uglify-js	3.19.3	development, optional	BSD-2-Clause		https://registry.npmjs.org/uglify-js/-/uglify-js-3.19.3.tgz
npm	undici-types	8.3.0	runtime	MIT		https://registry.npmjs.org/undici-types/-/undici-types-8.3.0.tgz
npm	unrs-resolver	1.12.2	development	MIT		https://registry.npmjs.org/unrs-resolver/-/unrs-resolver-1.12.2.tgz
npm	update-browserslist-db	1.2.3	runtime	MIT		https://registry.npmjs.org/update-browserslist-db/-/update-browserslist-db-1.2.3.tgz
npm	util-deprecate	1.0.2	development	MIT		https://registry.npmjs.org/util-deprecate/-/util-deprecate-1.0.2.tgz
npm	v8-to-istanbul	9.3.0	development	ISC		https://registry.npmjs.org/v8-to-istanbul/-/v8-to-istanbul-9.3.0.tgz
npm	vite	6.4.3	runtime	MIT		https://registry.npmjs.org/vite/-/vite-6.4.3.tgz
npm	vite/node_modules/fdir	6.5.0	runtime	MIT		https://registry.npmjs.org/fdir/-/fdir-6.5.0.tgz
npm	vite/node_modules/picomatch	4.0.5	runtime	MIT		https://registry.npmjs.org/picomatch/-/picomatch-4.0.5.tgz
npm	w3c-xmlserializer	5.0.0	development	MIT		https://registry.npmjs.org/w3c-xmlserializer/-/w3c-xmlserializer-5.0.0.tgz
npm	walker	1.0.8	development	Apache-2.0		https://registry.npmjs.org/walker/-/walker-1.0.8.tgz
npm	webidl-conversions	7.0.0	development	BSD-2-Clause		https://registry.npmjs.org/webidl-conversions/-/webidl-conversions-7.0.0.tgz
npm	whatwg-encoding	3.1.1	development	MIT		https://registry.npmjs.org/whatwg-encoding/-/whatwg-encoding-3.1.1.tgz
npm	whatwg-mimetype	4.0.0	development	MIT		https://registry.npmjs.org/whatwg-mimetype/-/whatwg-mimetype-4.0.0.tgz
npm	whatwg-url	14.2.0	development	MIT		https://registry.npmjs.org/whatwg-url/-/whatwg-url-14.2.0.tgz
npm	which	2.0.2	development	ISC		https://registry.npmjs.org/which/-/which-2.0.2.tgz
npm	wordwrap	1.0.0	development	MIT		https://registry.npmjs.org/wordwrap/-/wordwrap-1.0.0.tgz
npm	wrap-ansi	7.0.0	development	MIT		https://registry.npmjs.org/wrap-ansi/-/wrap-ansi-7.0.0.tgz
npm	wrap-ansi	8.1.0	development	MIT		https://registry.npmjs.org/wrap-ansi/-/wrap-ansi-8.1.0.tgz
npm	wrap-ansi-cjs/node_modules/emoji-regex	8.0.0	development	MIT		https://registry.npmjs.org/emoji-regex/-/emoji-regex-8.0.0.tgz
npm	wrap-ansi-cjs/node_modules/string-width	4.2.3	development	MIT		https://registry.npmjs.org/string-width/-/string-width-4.2.3.tgz
npm	wrap-ansi-cjs/node_modules/strip-ansi	6.0.1	development	MIT		https://registry.npmjs.org/strip-ansi/-/strip-ansi-6.0.1.tgz
npm	wrap-ansi/node_modules/ansi-styles	6.2.3	development	MIT		https://registry.npmjs.org/ansi-styles/-/ansi-styles-6.2.3.tgz
npm	wrappy	1.0.2	development	ISC		https://registry.npmjs.org/wrappy/-/wrappy-1.0.2.tgz
npm	write-file-atomic	5.0.1	development	ISC		https://registry.npmjs.org/write-file-atomic/-/write-file-atomic-5.0.1.tgz
npm	ws	8.21.0	development	MIT		https://registry.npmjs.org/ws/-/ws-8.21.0.tgz
npm	xml-name-validator	5.0.0	development	Apache-2.0		https://registry.npmjs.org/xml-name-validator/-/xml-name-validator-5.0.0.tgz
npm	xmlchars	2.2.0	development	MIT		https://registry.npmjs.org/xmlchars/-/xmlchars-2.2.0.tgz
npm	y18n	5.0.8	development	ISC		https://registry.npmjs.org/y18n/-/y18n-5.0.8.tgz
npm	yallist	3.1.1	runtime	ISC		https://registry.npmjs.org/yallist/-/yallist-3.1.1.tgz
npm	yargs	17.7.3	development	MIT		https://registry.npmjs.org/yargs/-/yargs-17.7.3.tgz
npm	yargs-parser	21.1.1	development	ISC		https://registry.npmjs.org/yargs-parser/-/yargs-parser-21.1.1.tgz
npm	yargs/node_modules/emoji-regex	8.0.0	development	MIT		https://registry.npmjs.org/emoji-regex/-/emoji-regex-8.0.0.tgz
npm	yargs/node_modules/string-width	4.2.3	development	MIT		https://registry.npmjs.org/string-width/-/string-width-4.2.3.tgz
npm	yargs/node_modules/strip-ansi	6.0.1	development	MIT		https://registry.npmjs.org/strip-ansi/-/strip-ansi-6.0.1.tgz
npm	yocto-queue	0.4.0	development	MIT		https://registry.npmjs.org/yocto-queue/-/yocto-queue-0.1.0.tgz
cargo	adler2	2.0.1	cargo-lock	0BSD OR MIT OR Apache-2.0		https://github.com/oyvindln/adler2
cargo	aho-corasick	1.1.4	cargo-lock	Unlicense OR MIT		https://github.com/BurntSushi/aho-corasick
cargo	alloc-no-stdlib	2.0.4	cargo-lock	BSD-3-Clause		https://github.com/dropbox/rust-alloc-no-stdlib
cargo	alloc-stdlib	0.2.4	cargo-lock	BSD-3-Clause		https://github.com/dropbox/rust-alloc-no-stdlib
cargo	android_system_properties	0.1.5	cargo-lock	MIT/Apache-2.0		https://github.com/nical/android_system_properties
cargo	anyhow	1.0.103	cargo-lock	MIT OR Apache-2.0		https://github.com/dtolnay/anyhow
cargo	async-stream	0.3.6	cargo-lock	MIT		https://github.com/tokio-rs/async-stream
cargo	async-stream-impl	0.3.6	cargo-lock	MIT		https://github.com/tokio-rs/async-stream
cargo	async-trait	0.1.89	cargo-lock	MIT OR Apache-2.0		https://github.com/dtolnay/async-trait
cargo	atk	0.18.2	cargo-lock	MIT		https://github.com/gtk-rs/gtk3-rs
cargo	atk-sys	0.18.2	cargo-lock	MIT		https://github.com/gtk-rs/gtk3-rs
cargo	atomic-waker	1.1.2	cargo-lock	Apache-2.0 OR MIT		https://github.com/smol-rs/atomic-waker
cargo	autocfg	1.5.1	cargo-lock	Apache-2.0 OR MIT		https://github.com/cuviper/autocfg
cargo	axum	0.7.9	cargo-lock	MIT		https://github.com/tokio-rs/axum
cargo	axum-core	0.4.5	cargo-lock	MIT		https://github.com/tokio-rs/axum
cargo	base64	0.21.7	cargo-lock	MIT OR Apache-2.0		https://github.com/marshallpierce/rust-base64
cargo	base64	0.22.1	cargo-lock	MIT OR Apache-2.0		https://github.com/marshallpierce/rust-base64
cargo	bit-set	0.8.0	cargo-lock	Apache-2.0 OR MIT		https://github.com/contain-rs/bit-set
cargo	bit-vec	0.8.0	cargo-lock	Apache-2.0 OR MIT		https://github.com/contain-rs/bit-vec
cargo	bitflags	1.3.2	cargo-lock	MIT/Apache-2.0		https://github.com/bitflags/bitflags
cargo	bitflags	2.13.0	cargo-lock	MIT OR Apache-2.0		https://github.com/bitflags/bitflags
cargo	block-buffer	0.10.4	cargo-lock	MIT OR Apache-2.0		https://github.com/RustCrypto/utils
cargo	block2	0.6.2	cargo-lock	MIT		https://github.com/madsmtm/objc2
cargo	brotli	8.0.4	cargo-lock	BSD-3-Clause AND MIT		https://github.com/dropbox/rust-brotli
cargo	brotli-decompressor	5.0.3	cargo-lock	BSD-3-Clause/MIT		https://github.com/dropbox/rust-brotli-decompressor
cargo	bs58	0.5.1	cargo-lock	MIT/Apache-2.0		https://github.com/Nullus157/bs58-rs
cargo	bumpalo	3.20.3	cargo-lock	MIT OR Apache-2.0		https://github.com/fitzgen/bumpalo
cargo	bytemuck	1.25.0	cargo-lock	Zlib OR Apache-2.0 OR MIT		https://github.com/Lokathor/bytemuck
cargo	byteorder	1.5.0	cargo-lock	Unlicense OR MIT		https://github.com/BurntSushi/byteorder
cargo	bytes	1.12.0	cargo-lock	MIT		https://github.com/tokio-rs/bytes
cargo	cairo-rs	0.18.5	cargo-lock	MIT		https://github.com/gtk-rs/gtk-rs-core
cargo	cairo-sys-rs	0.18.2	cargo-lock	MIT		https://github.com/gtk-rs/gtk-rs-core
cargo	camino	1.2.4	cargo-lock	MIT OR Apache-2.0		https://github.com/camino-rs/camino
cargo	cargo-platform	0.1.9	cargo-lock	MIT OR Apache-2.0		https://github.com/rust-lang/cargo
cargo	cargo_metadata	0.19.2	cargo-lock	MIT		https://github.com/oli-obk/cargo_metadata
cargo	cargo_toml	0.22.3	cargo-lock	Apache-2.0 OR MIT		https://gitlab.com/lib.rs/cargo_toml
cargo	cc	1.2.66	cargo-lock	MIT OR Apache-2.0		https://github.com/rust-lang/cc-rs
cargo	cesu8	1.1.0	cargo-lock	Apache-2.0/MIT		https://github.com/emk/cesu8-rs
cargo	cfb	0.7.3	cargo-lock	MIT		https://github.com/mdsteele/rust-cfb
cargo	cfg-expr	0.15.8	cargo-lock	MIT OR Apache-2.0		https://github.com/EmbarkStudios/cfg-expr
cargo	cfg-if	1.0.4	cargo-lock	MIT OR Apache-2.0		https://github.com/rust-lang/cfg-if
cargo	chrono	0.4.45	cargo-lock	MIT OR Apache-2.0		https://github.com/chronotope/chrono
cargo	combine	4.6.7	cargo-lock	MIT		https://github.com/Marwes/combine
cargo	cookie	0.18.1	cargo-lock	MIT OR Apache-2.0		https://github.com/SergioBenitez/cookie-rs
cargo	core-foundation	0.10.1	cargo-lock	MIT OR Apache-2.0		https://github.com/servo/core-foundation-rs
cargo	core-foundation-sys	0.8.7	cargo-lock	MIT OR Apache-2.0		https://github.com/servo/core-foundation-rs
cargo	core-graphics	0.25.0	cargo-lock	MIT OR Apache-2.0		https://github.com/servo/core-foundation-rs
cargo	core-graphics-types	0.2.0	cargo-lock	MIT OR Apache-2.0		https://github.com/servo/core-foundation-rs
cargo	cpufeatures	0.2.17	cargo-lock	MIT OR Apache-2.0		https://github.com/RustCrypto/utils
cargo	crc32fast	1.5.0	cargo-lock	MIT OR Apache-2.0		https://github.com/srijs/rust-crc32fast
cargo	crossbeam-channel	0.5.15	cargo-lock	MIT OR Apache-2.0		https://github.com/crossbeam-rs/crossbeam
cargo	crossbeam-utils	0.8.21	cargo-lock	MIT OR Apache-2.0		https://github.com/crossbeam-rs/crossbeam
cargo	crypto-common	0.1.7	cargo-lock	MIT OR Apache-2.0		https://github.com/RustCrypto/traits
cargo	cssparser	0.36.0	cargo-lock	MPL-2.0		https://github.com/servo/rust-cssparser
cargo	cssparser-macros	0.6.1	cargo-lock	MPL-2.0		https://github.com/servo/rust-cssparser
cargo	ctor	0.8.0	cargo-lock	Apache-2.0 OR MIT		https://github.com/mmastrac/rust-ctor
cargo	ctor-proc-macro	0.0.7	cargo-lock	Apache-2.0 OR MIT		https://github.com/mmastrac/rust-ctor
cargo	darling	0.23.0	cargo-lock	MIT		https://github.com/TedDriggs/darling
cargo	darling_core	0.23.0	cargo-lock	MIT		https://github.com/TedDriggs/darling
cargo	darling_macro	0.23.0	cargo-lock	MIT		https://github.com/TedDriggs/darling
cargo	dbus	0.9.12	cargo-lock	Apache-2.0/MIT		https://github.com/diwic/dbus-rs
cargo	deranged	0.5.8	cargo-lock	MIT OR Apache-2.0		https://github.com/jhpratt/deranged
cargo	derive_more	2.1.1	cargo-lock	MIT		https://github.com/JelteF/derive_more
cargo	derive_more-impl	2.1.1	cargo-lock	MIT		https://github.com/JelteF/derive_more
cargo	digest	0.10.7	cargo-lock	MIT OR Apache-2.0		https://github.com/RustCrypto/traits
cargo	dirs	6.0.0	cargo-lock	MIT OR Apache-2.0		https://github.com/soc/dirs-rs
cargo	dirs-sys	0.5.0	cargo-lock	MIT OR Apache-2.0		https://github.com/dirs-dev/dirs-sys-rs
cargo	dispatch2	0.3.1	cargo-lock	Zlib OR Apache-2.0 OR MIT		https://github.com/madsmtm/objc2
cargo	displaydoc	0.2.6	cargo-lock	MIT OR Apache-2.0		https://github.com/yaahc/displaydoc
cargo	dlopen2	0.8.2	cargo-lock	MIT		https://github.com/OpenByteDev/dlopen2
cargo	dlopen2_derive	0.4.3	cargo-lock	MIT		https://github.com/OpenByteDev/dlopen2
cargo	dom_query	0.27.0	cargo-lock	MIT		https://github.com/niklak/dom_query
cargo	dpi	0.1.2	cargo-lock	Apache-2.0 AND MIT		https://github.com/rust-windowing/winit
cargo	dtoa	1.0.11	cargo-lock	MIT OR Apache-2.0		https://github.com/dtolnay/dtoa
cargo	dtoa-short	0.3.5	cargo-lock	MPL-2.0		https://github.com/upsuper/dtoa-short
cargo	dtor	0.3.0	cargo-lock	Apache-2.0 OR MIT		https://github.com/mmastrac/rust-ctor
cargo	dtor-proc-macro	0.0.6	cargo-lock	Apache-2.0 OR MIT		https://github.com/mmastrac/rust-ctor
cargo	dunce	1.0.5	cargo-lock	CC0-1.0 OR MIT-0 OR Apache-2.0		https://gitlab.com/kornelski/dunce
cargo	dyn-clone	1.0.20	cargo-lock	MIT OR Apache-2.0		https://github.com/dtolnay/dyn-clone
cargo	either	1.16.0	cargo-lock	MIT OR Apache-2.0		https://github.com/rayon-rs/either
cargo	embed-resource	3.0.11	cargo-lock	MIT		https://github.com/nabijaczleweli/rust-embed-resource
cargo	embed_plist	1.2.2	cargo-lock	MIT OR Apache-2.0		https://github.com/nvzqz/embed-plist-rs
cargo	equivalent	1.0.2	cargo-lock	Apache-2.0 OR MIT		https://github.com/indexmap-rs/equivalent
cargo	erased-serde	0.4.10	cargo-lock	MIT OR Apache-2.0		https://github.com/dtolnay/erased-serde
cargo	errno	0.3.14	cargo-lock	MIT OR Apache-2.0		https://github.com/lambda-fairy/rust-errno
cargo	fastrand	2.4.1	cargo-lock	Apache-2.0 OR MIT		https://github.com/smol-rs/fastrand
cargo	fdeflate	0.3.7	cargo-lock	MIT OR Apache-2.0		https://github.com/image-rs/fdeflate
cargo	field-offset	0.3.6	cargo-lock	MIT OR Apache-2.0		https://github.com/Diggsey/rust-field-offset
cargo	find-msvc-tools	0.1.9	cargo-lock	MIT OR Apache-2.0		https://github.com/rust-lang/cc-rs
cargo	fixedbitset	0.5.7	cargo-lock	MIT OR Apache-2.0		https://github.com/petgraph/fixedbitset
cargo	flate2	1.1.9	cargo-lock	MIT OR Apache-2.0		https://github.com/rust-lang/flate2-rs
cargo	fnv	1.0.7	cargo-lock	Apache-2.0 / MIT		https://github.com/servo/rust-fnv
cargo	foldhash	0.2.0	cargo-lock	Zlib		https://github.com/orlp/foldhash
cargo	foreign-types	0.5.0	cargo-lock	MIT/Apache-2.0		https://github.com/sfackler/foreign-types
cargo	foreign-types-macros	0.2.3	cargo-lock	MIT/Apache-2.0		https://github.com/sfackler/foreign-types
cargo	foreign-types-shared	0.3.1	cargo-lock	MIT/Apache-2.0		https://github.com/sfackler/foreign-types
cargo	form_urlencoded	1.2.2	cargo-lock	MIT OR Apache-2.0		https://github.com/servo/rust-url
cargo	futures-channel	0.3.32	cargo-lock	MIT OR Apache-2.0		https://github.com/rust-lang/futures-rs
cargo	futures-core	0.3.32	cargo-lock	MIT OR Apache-2.0		https://github.com/rust-lang/futures-rs
cargo	futures-executor	0.3.32	cargo-lock	MIT OR Apache-2.0		https://github.com/rust-lang/futures-rs
cargo	futures-io	0.3.32	cargo-lock	MIT OR Apache-2.0		https://github.com/rust-lang/futures-rs
cargo	futures-macro	0.3.32	cargo-lock	MIT OR Apache-2.0		https://github.com/rust-lang/futures-rs
cargo	futures-sink	0.3.32	cargo-lock	MIT OR Apache-2.0		https://github.com/rust-lang/futures-rs
cargo	futures-task	0.3.32	cargo-lock	MIT OR Apache-2.0		https://github.com/rust-lang/futures-rs
cargo	futures-util	0.3.32	cargo-lock	MIT OR Apache-2.0		https://github.com/rust-lang/futures-rs
cargo	gdk	0.18.2	cargo-lock	MIT		https://github.com/gtk-rs/gtk3-rs
cargo	gdk-pixbuf	0.18.5	cargo-lock	MIT		https://github.com/gtk-rs/gtk-rs-core
cargo	gdk-pixbuf-sys	0.18.0	cargo-lock	MIT		https://github.com/gtk-rs/gtk-rs-core
cargo	gdk-sys	0.18.2	cargo-lock	MIT		https://github.com/gtk-rs/gtk3-rs
cargo	gdkwayland-sys	0.18.2	cargo-lock	MIT		https://github.com/gtk-rs/gtk3-rs
cargo	gdkx11	0.18.2	cargo-lock	MIT		https://github.com/gtk-rs/gtk3-rs
cargo	gdkx11-sys	0.18.2	cargo-lock	MIT		https://github.com/gtk-rs/gtk3-rs
cargo	generic-array	0.14.7	cargo-lock	MIT		https://github.com/fizyk20/generic-array.git
cargo	getrandom	0.2.17	cargo-lock	MIT OR Apache-2.0		https://github.com/rust-random/getrandom
cargo	getrandom	0.3.4	cargo-lock	MIT OR Apache-2.0		https://github.com/rust-random/getrandom
cargo	getrandom	0.4.3	cargo-lock	MIT OR Apache-2.0		https://github.com/rust-random/getrandom
cargo	gio	0.18.4	cargo-lock	MIT		https://github.com/gtk-rs/gtk-rs-core
cargo	gio-sys	0.18.1	cargo-lock	MIT		https://github.com/gtk-rs/gtk-rs-core
cargo	glib	0.18.5	cargo-lock	MIT		https://github.com/gtk-rs/gtk-rs-core
cargo	glib-macros	0.18.5	cargo-lock	MIT		https://github.com/gtk-rs/gtk-rs-core
cargo	glib-sys	0.18.1	cargo-lock	MIT		https://github.com/gtk-rs/gtk-rs-core
cargo	glob	0.3.3	cargo-lock	MIT OR Apache-2.0		https://github.com/rust-lang/glob
cargo	gobject-sys	0.18.0	cargo-lock	MIT		https://github.com/gtk-rs/gtk-rs-core
cargo	gtk	0.18.2	cargo-lock	MIT		https://github.com/gtk-rs/gtk3-rs
cargo	gtk-sys	0.18.2	cargo-lock	MIT		https://github.com/gtk-rs/gtk3-rs
cargo	gtk3-macros	0.18.2	cargo-lock	MIT		https://github.com/gtk-rs/gtk3-rs
cargo	h2	0.4.15	cargo-lock	MIT		https://github.com/hyperium/h2
cargo	hashbrown	0.12.3	cargo-lock	MIT OR Apache-2.0		https://github.com/rust-lang/hashbrown
cargo	hashbrown	0.17.1	cargo-lock	MIT OR Apache-2.0		https://github.com/rust-lang/hashbrown
cargo	heck	0.4.1	cargo-lock	MIT OR Apache-2.0		https://github.com/withoutboats/heck
cargo	heck	0.5.0	cargo-lock	MIT OR Apache-2.0		https://github.com/withoutboats/heck
cargo	hex	0.4.3	cargo-lock	MIT OR Apache-2.0		https://github.com/KokaKiwi/rust-hex
cargo	html5ever	0.38.0	cargo-lock	MIT OR Apache-2.0		https://github.com/servo/html5ever
cargo	http	1.4.2	cargo-lock	MIT OR Apache-2.0		https://github.com/hyperium/http
cargo	http-body	1.0.1	cargo-lock	MIT		https://github.com/hyperium/http-body
cargo	http-body-util	0.1.3	cargo-lock	MIT		https://github.com/hyperium/http-body
cargo	httparse	1.10.1	cargo-lock	MIT OR Apache-2.0		https://github.com/seanmonstar/httparse
cargo	httpdate	1.0.3	cargo-lock	MIT OR Apache-2.0		https://github.com/pyfisch/httpdate
cargo	hyper	1.10.1	cargo-lock	MIT		https://github.com/hyperium/hyper
cargo	hyper-timeout	0.5.2	cargo-lock	MIT OR Apache-2.0		https://github.com/hjr3/hyper-timeout
cargo	hyper-util	0.1.20	cargo-lock	MIT		https://github.com/hyperium/hyper-util
cargo	iana-time-zone	0.1.65	cargo-lock	MIT OR Apache-2.0		https://github.com/strawlab/iana-time-zone
cargo	iana-time-zone-haiku	0.1.2	cargo-lock	MIT OR Apache-2.0		https://github.com/strawlab/iana-time-zone
cargo	ico	0.5.0	cargo-lock	MIT		https://github.com/mdsteele/rust-ico
cargo	icu_collections	2.2.0	cargo-lock	Unicode-3.0		https://github.com/unicode-org/icu4x
cargo	icu_locale_core	2.2.0	cargo-lock	Unicode-3.0		https://github.com/unicode-org/icu4x
cargo	icu_normalizer	2.2.0	cargo-lock	Unicode-3.0		https://github.com/unicode-org/icu4x
cargo	icu_normalizer_data	2.2.0	cargo-lock	Unicode-3.0		https://github.com/unicode-org/icu4x
cargo	icu_properties	2.2.0	cargo-lock	Unicode-3.0		https://github.com/unicode-org/icu4x
cargo	icu_properties_data	2.2.0	cargo-lock	Unicode-3.0		https://github.com/unicode-org/icu4x
cargo	icu_provider	2.2.0	cargo-lock	Unicode-3.0		https://github.com/unicode-org/icu4x
cargo	ident_case	1.0.1	cargo-lock	MIT/Apache-2.0		https://github.com/TedDriggs/ident_case
cargo	idna	1.1.0	cargo-lock	MIT OR Apache-2.0		https://github.com/servo/rust-url/
cargo	idna_adapter	1.2.2	cargo-lock	Apache-2.0 OR MIT		https://github.com/hsivonen/idna_adapter
cargo	indexmap	1.9.3	cargo-lock	Apache-2.0 OR MIT		https://github.com/bluss/indexmap
cargo	indexmap	2.14.0	cargo-lock	Apache-2.0 OR MIT		https://github.com/indexmap-rs/indexmap
cargo	infer	0.19.0	cargo-lock	MIT		https://github.com/bojand/infer
cargo	ipnet	2.12.0	cargo-lock	MIT OR Apache-2.0		https://github.com/krisprice/ipnet
cargo	itertools	0.14.0	cargo-lock	MIT OR Apache-2.0		https://github.com/rust-itertools/itertools
cargo	itoa	1.0.18	cargo-lock	MIT OR Apache-2.0		https://github.com/dtolnay/itoa
cargo	javascriptcore-rs	1.1.2	cargo-lock	MIT		https://github.com/tauri-apps/javascriptcore-rs
cargo	javascriptcore-rs-sys	1.1.1	cargo-lock	MIT		https://github.com/tauri-apps/javascriptcore-rs
cargo	jni	0.21.1	cargo-lock	MIT/Apache-2.0		https://github.com/jni-rs/jni-rs
cargo	jni-sys	0.3.1	cargo-lock	MIT OR Apache-2.0		https://github.com/jni-rs/jni-sys
cargo	jni-sys	0.4.1	cargo-lock	MIT OR Apache-2.0		https://github.com/jni-rs/jni-sys
cargo	jni-sys-macros	0.4.1	cargo-lock	MIT OR Apache-2.0		https://github.com/jni-rs/jni-sys
cargo	js-sys	0.3.103	cargo-lock	MIT OR Apache-2.0		https://github.com/wasm-bindgen/wasm-bindgen/tree/master/crates/js-sys
cargo	json-patch	3.0.1	cargo-lock	MIT/Apache-2.0		https://github.com/idubrov/json-patch
cargo	jsonptr	0.6.3	cargo-lock	MIT OR Apache-2.0		https://github.com/chanced/jsonptr
cargo	keyboard-types	0.7.0	cargo-lock	MIT OR Apache-2.0		https://github.com/pyfisch/keyboard-types
cargo	libappindicator	0.9.0	cargo-lock	Apache-2.0 OR MIT		registry+https://github.com/rust-lang/crates.io-index
cargo	libappindicator-sys	0.9.0	cargo-lock	Apache-2.0 OR MIT		registry+https://github.com/rust-lang/crates.io-index
cargo	libc	0.2.186	cargo-lock	MIT OR Apache-2.0		https://github.com/rust-lang/libc
cargo	libdbus-sys	0.2.7	cargo-lock	Apache-2.0/MIT		https://github.com/diwic/dbus-rs
cargo	libloading	0.7.4	cargo-lock	ISC		https://github.com/nagisa/rust_libloading/
cargo	libredox	0.1.18	cargo-lock	MIT		https://gitlab.redox-os.org/redox-os/libredox.git
cargo	linux-raw-sys	0.12.1	cargo-lock	Apache-2.0 WITH LLVM-exception OR Apache-2.0 OR MIT		https://github.com/sunfishcode/linux-raw-sys
cargo	litemap	0.8.2	cargo-lock	Unicode-3.0		https://github.com/unicode-org/icu4x
cargo	lock_api	0.4.14	cargo-lock	MIT OR Apache-2.0		https://github.com/Amanieu/parking_lot
cargo	log	0.4.33	cargo-lock	MIT OR Apache-2.0		https://github.com/rust-lang/log
cargo	markup5ever	0.38.0	cargo-lock	MIT OR Apache-2.0		https://github.com/servo/html5ever
cargo	matchit	0.7.3	cargo-lock	MIT AND BSD-3-Clause		https://github.com/ibraheemdev/matchit
cargo	memchr	2.8.2	cargo-lock	Unlicense OR MIT		https://github.com/BurntSushi/memchr
cargo	memoffset	0.9.1	cargo-lock	MIT		https://github.com/Gilnaa/memoffset
cargo	mime	0.3.17	cargo-lock	MIT OR Apache-2.0		https://github.com/hyperium/mime
cargo	miniz_oxide	0.8.9	cargo-lock	MIT OR Zlib OR Apache-2.0		https://github.com/Frommi/miniz_oxide/tree/master/miniz_oxide
cargo	mio	1.2.1	cargo-lock	MIT		https://github.com/tokio-rs/mio
cargo	muda	0.19.3	cargo-lock	Apache-2.0 OR MIT		https://github.com/tauri-apps/muda
cargo	multimap	0.10.1	cargo-lock	MIT OR Apache-2.0		https://github.com/havarnov/multimap
cargo	ndk	0.9.0	cargo-lock	MIT OR Apache-2.0		https://github.com/rust-mobile/ndk
cargo	ndk-sys	0.6.0+11769913	cargo-lock	MIT OR Apache-2.0		https://github.com/rust-mobile/ndk
cargo	new_debug_unreachable	1.0.6	cargo-lock	MIT		https://github.com/mbrubeck/rust-debug-unreachable
cargo	num-conv	0.2.2	cargo-lock	MIT OR Apache-2.0		https://github.com/jhpratt/num-conv
cargo	num-traits	0.2.19	cargo-lock	MIT OR Apache-2.0		https://github.com/rust-num/num-traits
cargo	num_enum	0.7.6	cargo-lock	BSD-3-Clause OR MIT OR Apache-2.0		https://github.com/illicitonion/num_enum
cargo	num_enum_derive	0.7.6	cargo-lock	BSD-3-Clause OR MIT OR Apache-2.0		https://github.com/illicitonion/num_enum
cargo	objc2	0.6.4	cargo-lock	MIT		https://github.com/madsmtm/objc2
cargo	objc2-app-kit	0.3.2	cargo-lock	Zlib OR Apache-2.0 OR MIT		https://github.com/madsmtm/objc2
cargo	objc2-cloud-kit	0.3.2	cargo-lock	Zlib OR Apache-2.0 OR MIT		https://github.com/madsmtm/objc2
cargo	objc2-core-data	0.3.2	cargo-lock	Zlib OR Apache-2.0 OR MIT		https://github.com/madsmtm/objc2
cargo	objc2-core-foundation	0.3.2	cargo-lock	Zlib OR Apache-2.0 OR MIT		https://github.com/madsmtm/objc2
cargo	objc2-core-graphics	0.3.2	cargo-lock	Zlib OR Apache-2.0 OR MIT		https://github.com/madsmtm/objc2
cargo	objc2-core-image	0.3.2	cargo-lock	Zlib OR Apache-2.0 OR MIT		https://github.com/madsmtm/objc2
cargo	objc2-core-location	0.3.2	cargo-lock	Zlib OR Apache-2.0 OR MIT		https://github.com/madsmtm/objc2
cargo	objc2-core-text	0.3.2	cargo-lock	Zlib OR Apache-2.0 OR MIT		https://github.com/madsmtm/objc2
cargo	objc2-encode	4.1.0	cargo-lock	MIT		https://github.com/madsmtm/objc2
cargo	objc2-exception-helper	0.1.1	cargo-lock	Zlib OR Apache-2.0 OR MIT		https://github.com/madsmtm/objc2
cargo	objc2-foundation	0.3.2	cargo-lock	MIT		https://github.com/madsmtm/objc2
cargo	objc2-io-surface	0.3.2	cargo-lock	Zlib OR Apache-2.0 OR MIT		https://github.com/madsmtm/objc2
cargo	objc2-quartz-core	0.3.2	cargo-lock	Zlib OR Apache-2.0 OR MIT		https://github.com/madsmtm/objc2
cargo	objc2-ui-kit	0.3.2	cargo-lock	Zlib OR Apache-2.0 OR MIT		https://github.com/madsmtm/objc2
cargo	objc2-user-notifications	0.3.2	cargo-lock	Zlib OR Apache-2.0 OR MIT		https://github.com/madsmtm/objc2
cargo	objc2-web-kit	0.3.2	cargo-lock	Zlib OR Apache-2.0 OR MIT		https://github.com/madsmtm/objc2
cargo	once_cell	1.21.4	cargo-lock	MIT OR Apache-2.0		https://github.com/matklad/once_cell
cargo	openssl-probe	0.2.1	cargo-lock	MIT OR Apache-2.0		https://github.com/rustls/openssl-probe
cargo	option-ext	0.2.0	cargo-lock	MPL-2.0		https://github.com/soc/option-ext.git
cargo	pango	0.18.3	cargo-lock	MIT		https://github.com/gtk-rs/gtk-rs-core
cargo	pango-sys	0.18.0	cargo-lock	MIT		https://github.com/gtk-rs/gtk-rs-core
cargo	parking_lot	0.12.5	cargo-lock	MIT OR Apache-2.0		https://github.com/Amanieu/parking_lot
cargo	parking_lot_core	0.9.12	cargo-lock	MIT OR Apache-2.0		https://github.com/Amanieu/parking_lot
cargo	percent-encoding	2.3.2	cargo-lock	MIT OR Apache-2.0		https://github.com/servo/rust-url/
cargo	petgraph	0.7.1	cargo-lock	MIT OR Apache-2.0		https://github.com/petgraph/petgraph
cargo	phf	0.13.1	cargo-lock	MIT		https://github.com/rust-phf/rust-phf
cargo	phf_codegen	0.13.1	cargo-lock	MIT		https://github.com/rust-phf/rust-phf
cargo	phf_generator	0.13.1	cargo-lock	MIT		https://github.com/rust-phf/rust-phf
cargo	phf_macros	0.13.1	cargo-lock	MIT		https://github.com/rust-phf/rust-phf
cargo	phf_shared	0.13.1	cargo-lock	MIT		https://github.com/rust-phf/rust-phf
cargo	pin-project	1.1.13	cargo-lock	Apache-2.0 OR MIT		https://github.com/taiki-e/pin-project
cargo	pin-project-internal	1.1.13	cargo-lock	Apache-2.0 OR MIT		https://github.com/taiki-e/pin-project
cargo	pin-project-lite	0.2.17	cargo-lock	Apache-2.0 OR MIT		https://github.com/taiki-e/pin-project-lite
cargo	pkg-config	0.3.33	cargo-lock	MIT OR Apache-2.0		https://github.com/rust-lang/pkg-config-rs
cargo	plist	1.10.0	cargo-lock	MIT		https://github.com/ebarnard/rust-plist/
cargo	png	0.17.16	cargo-lock	MIT OR Apache-2.0		https://github.com/image-rs/image-png
cargo	png	0.18.1	cargo-lock	MIT OR Apache-2.0		https://github.com/image-rs/image-png
cargo	potential_utf	0.1.5	cargo-lock	Unicode-3.0		https://github.com/unicode-org/icu4x
cargo	powerfmt	0.2.0	cargo-lock	MIT OR Apache-2.0		https://github.com/jhpratt/powerfmt
cargo	ppv-lite86	0.2.21	cargo-lock	MIT OR Apache-2.0		https://github.com/cryptocorrosion/cryptocorrosion
cargo	precomputed-hash	0.1.1	cargo-lock	MIT		https://github.com/emilio/precomputed-hash
cargo	prettyplease	0.2.37	cargo-lock	MIT OR Apache-2.0		https://github.com/dtolnay/prettyplease
cargo	proc-macro-crate	1.3.1	cargo-lock	MIT OR Apache-2.0		https://github.com/bkchr/proc-macro-crate
cargo	proc-macro-crate	2.0.2	cargo-lock	MIT OR Apache-2.0		https://github.com/bkchr/proc-macro-crate
cargo	proc-macro-crate	3.5.0	cargo-lock	MIT OR Apache-2.0		https://github.com/bkchr/proc-macro-crate
cargo	proc-macro-error	1.0.4	cargo-lock	MIT OR Apache-2.0		https://gitlab.com/CreepySkeleton/proc-macro-error
cargo	proc-macro-error-attr	1.0.4	cargo-lock	MIT OR Apache-2.0		https://gitlab.com/CreepySkeleton/proc-macro-error
cargo	proc-macro2	1.0.106	cargo-lock	MIT OR Apache-2.0		https://github.com/dtolnay/proc-macro2
cargo	prost	0.13.5	cargo-lock	Apache-2.0		https://github.com/tokio-rs/prost
cargo	prost-build	0.13.5	cargo-lock	Apache-2.0		https://github.com/tokio-rs/prost
cargo	prost-derive	0.13.5	cargo-lock	Apache-2.0		https://github.com/tokio-rs/prost
cargo	prost-types	0.13.5	cargo-lock	Apache-2.0		https://github.com/tokio-rs/prost
cargo	protoc-bin-vendored	3.2.0	cargo-lock	MIT		https://github.com/stepancheg/rust-protoc-bin-vendored/
cargo	protoc-bin-vendored-linux-aarch_64	3.2.0	cargo-lock	MIT		https://github.com/stepancheg/rust-protoc-bin-vendored/
cargo	protoc-bin-vendored-linux-ppcle_64	3.2.0	cargo-lock	MIT		https://github.com/stepancheg/rust-protoc-bin-vendored/
cargo	protoc-bin-vendored-linux-s390_64	3.2.0	cargo-lock	MIT		https://github.com/stepancheg/rust-protoc-bin-vendored/
cargo	protoc-bin-vendored-linux-x86_32	3.2.0	cargo-lock	MIT		https://github.com/stepancheg/rust-protoc-bin-vendored/
cargo	protoc-bin-vendored-linux-x86_64	3.2.0	cargo-lock	MIT		https://github.com/stepancheg/rust-protoc-bin-vendored/
cargo	protoc-bin-vendored-macos-aarch_64	3.2.0	cargo-lock	MIT		https://github.com/stepancheg/rust-protoc-bin-vendored/
cargo	protoc-bin-vendored-macos-x86_64	3.2.0	cargo-lock	MIT		https://github.com/stepancheg/rust-protoc-bin-vendored/
cargo	protoc-bin-vendored-win32	3.2.0	cargo-lock	MIT		https://github.com/stepancheg/rust-protoc-bin-vendored/
cargo	quick-xml	0.41.0	cargo-lock	MIT		https://github.com/tafia/quick-xml
cargo	quote	1.0.46	cargo-lock	MIT OR Apache-2.0		https://github.com/dtolnay/quote
cargo	r-efi	5.3.0	cargo-lock	MIT OR Apache-2.0 OR LGPL-2.1-or-later		https://github.com/r-efi/r-efi
cargo	r-efi	6.0.0	cargo-lock	MIT OR Apache-2.0 OR LGPL-2.1-or-later		https://github.com/r-efi/r-efi
cargo	rand	0.8.6	cargo-lock	MIT OR Apache-2.0		https://github.com/rust-random/rand
cargo	rand_chacha	0.3.1	cargo-lock	MIT OR Apache-2.0		https://github.com/rust-random/rand
cargo	rand_core	0.6.4	cargo-lock	MIT OR Apache-2.0		https://github.com/rust-random/rand
cargo	raw-window-handle	0.6.2	cargo-lock	MIT OR Apache-2.0 OR Zlib		https://github.com/rust-windowing/raw-window-handle
cargo	redox_syscall	0.5.18	cargo-lock	MIT		https://gitlab.redox-os.org/redox-os/syscall
cargo	redox_users	0.5.2	cargo-lock	MIT		https://gitlab.redox-os.org/redox-os/users
cargo	ref-cast	1.0.25	cargo-lock	MIT OR Apache-2.0		https://github.com/dtolnay/ref-cast
cargo	ref-cast-impl	1.0.25	cargo-lock	MIT OR Apache-2.0		https://github.com/dtolnay/ref-cast
cargo	regex	1.12.4	cargo-lock	MIT OR Apache-2.0		https://github.com/rust-lang/regex
cargo	regex-automata	0.4.14	cargo-lock	MIT OR Apache-2.0		https://github.com/rust-lang/regex
cargo	regex-syntax	0.8.11	cargo-lock	MIT OR Apache-2.0		https://github.com/rust-lang/regex
cargo	reqwest	0.13.4	cargo-lock	MIT OR Apache-2.0		https://github.com/seanmonstar/reqwest
cargo	ring	0.17.14	cargo-lock	Apache-2.0 AND ISC		https://github.com/briansmith/ring
cargo	rustc-hash	2.1.3	cargo-lock	Apache-2.0 OR MIT		https://github.com/rust-lang/rustc-hash
cargo	rustc_version	0.4.1	cargo-lock	MIT OR Apache-2.0		https://github.com/djc/rustc-version-rs
cargo	rustix	1.1.4	cargo-lock	Apache-2.0 WITH LLVM-exception OR Apache-2.0 OR MIT		https://github.com/bytecodealliance/rustix
cargo	rustls	0.23.41	cargo-lock	Apache-2.0 OR ISC OR MIT		https://github.com/rustls/rustls
cargo	rustls-native-certs	0.8.4	cargo-lock	Apache-2.0 OR ISC OR MIT		https://github.com/rustls/rustls-native-certs
cargo	rustls-pemfile	2.2.0	cargo-lock	Apache-2.0 OR ISC OR MIT		https://github.com/rustls/pemfile
cargo	rustls-pki-types	1.15.0	cargo-lock	MIT OR Apache-2.0		https://github.com/rustls/pki-types
cargo	rustls-webpki	0.103.13	cargo-lock	ISC		https://github.com/rustls/webpki
cargo	rustversion	1.0.22	cargo-lock	MIT OR Apache-2.0		https://github.com/dtolnay/rustversion
cargo	same-file	1.0.6	cargo-lock	Unlicense/MIT		https://github.com/BurntSushi/same-file
cargo	schannel	0.1.29	cargo-lock	MIT		https://github.com/steffengy/schannel-rs
cargo	schemars	0.8.22	cargo-lock	MIT		https://github.com/GREsau/schemars
cargo	schemars	0.9.0	cargo-lock	MIT		https://github.com/GREsau/schemars
cargo	schemars	1.2.1	cargo-lock	MIT		https://github.com/GREsau/schemars
cargo	schemars_derive	0.8.22	cargo-lock	MIT		https://github.com/GREsau/schemars
cargo	scopeguard	1.2.0	cargo-lock	MIT OR Apache-2.0		https://github.com/bluss/scopeguard
cargo	security-framework	3.7.0	cargo-lock	MIT OR Apache-2.0		https://github.com/kornelski/rust-security-framework
cargo	security-framework-sys	2.17.0	cargo-lock	MIT OR Apache-2.0		https://github.com/kornelski/rust-security-framework
cargo	selectors	0.36.1	cargo-lock	MPL-2.0		https://github.com/servo/stylo
cargo	semver	1.0.28	cargo-lock	MIT OR Apache-2.0		https://github.com/dtolnay/semver
cargo	serde	1.0.228	cargo-lock	MIT OR Apache-2.0		https://github.com/serde-rs/serde
cargo	serde-untagged	0.1.9	cargo-lock	MIT OR Apache-2.0		https://github.com/dtolnay/serde-untagged
cargo	serde_core	1.0.228	cargo-lock	MIT OR Apache-2.0		https://github.com/serde-rs/serde
cargo	serde_derive	1.0.228	cargo-lock	MIT OR Apache-2.0		https://github.com/serde-rs/serde
cargo	serde_derive_internals	0.29.1	cargo-lock	MIT OR Apache-2.0		https://github.com/serde-rs/serde
cargo	serde_json	1.0.150	cargo-lock	MIT OR Apache-2.0		https://github.com/serde-rs/json
cargo	serde_repr	0.1.20	cargo-lock	MIT OR Apache-2.0		https://github.com/dtolnay/serde-repr
cargo	serde_spanned	0.6.9	cargo-lock	MIT OR Apache-2.0		https://github.com/toml-rs/toml
cargo	serde_spanned	1.1.1	cargo-lock	MIT OR Apache-2.0		https://github.com/toml-rs/toml
cargo	serde_with	3.21.0	cargo-lock	MIT OR Apache-2.0		https://github.com/jonasbb/serde_with/
cargo	serde_with_macros	3.21.0	cargo-lock	MIT OR Apache-2.0		https://github.com/jonasbb/serde_with/
cargo	serialize-to-javascript	0.1.2	cargo-lock	MIT OR Apache-2.0		https://github.com/chippers/serialize-to-javascript
cargo	serialize-to-javascript-impl	0.1.2	cargo-lock	MIT OR Apache-2.0		https://github.com/chippers/serialize-to-javascript
cargo	servo_arc	0.4.3	cargo-lock	MIT OR Apache-2.0		https://github.com/servo/stylo
cargo	sha2	0.10.9	cargo-lock	MIT OR Apache-2.0		https://github.com/RustCrypto/hashes
cargo	shlex	2.0.1	cargo-lock	MIT OR Apache-2.0		https://github.com/comex/rust-shlex
cargo	simd-adler32	0.3.9	cargo-lock	MIT		https://github.com/mcountryman/simd-adler32
cargo	siphasher	1.0.3	cargo-lock	MIT/Apache-2.0		https://github.com/jedisct1/rust-siphash
cargo	slab	0.4.12	cargo-lock	MIT		https://github.com/tokio-rs/slab
cargo	smallvec	1.15.2	cargo-lock	MIT OR Apache-2.0		https://github.com/servo/rust-smallvec
cargo	socket2	0.5.10	cargo-lock	MIT OR Apache-2.0		https://github.com/rust-lang/socket2
cargo	socket2	0.6.4	cargo-lock	MIT OR Apache-2.0		https://github.com/rust-lang/socket2
cargo	softbuffer	0.4.8	cargo-lock	MIT OR Apache-2.0		https://github.com/rust-windowing/softbuffer
cargo	soup3	0.5.0	cargo-lock	MIT		https://gitlab.gnome.org/World/Rust/soup3-rs
cargo	soup3-sys	0.5.0	cargo-lock	MIT		https://gitlab.gnome.org/World/Rust/soup3-rs
cargo	stable_deref_trait	1.2.1	cargo-lock	MIT OR Apache-2.0		https://github.com/storyyeller/stable_deref_trait
cargo	string_cache	0.9.0	cargo-lock	MIT OR Apache-2.0		https://github.com/servo/string-cache
cargo	string_cache_codegen	0.6.1	cargo-lock	MIT OR Apache-2.0		https://github.com/servo/string-cache
cargo	strsim	0.11.1	cargo-lock	MIT		https://github.com/rapidfuzz/strsim-rs
cargo	subtle	2.6.1	cargo-lock	BSD-3-Clause		https://github.com/dalek-cryptography/subtle
cargo	swift-rs	1.0.7	cargo-lock	MIT OR Apache-2.0		https://github.com/Brendonovich/swift-rs
cargo	syn	1.0.109	cargo-lock	MIT OR Apache-2.0		https://github.com/dtolnay/syn
cargo	syn	2.0.118	cargo-lock	MIT OR Apache-2.0		https://github.com/dtolnay/syn
cargo	sync_wrapper	1.0.2	cargo-lock	Apache-2.0		https://github.com/Actyx/sync_wrapper
cargo	synstructure	0.13.2	cargo-lock	MIT		https://github.com/mystor/synstructure
cargo	system-deps	6.2.2	cargo-lock	MIT OR Apache-2.0		https://github.com/gdesmott/system-deps
cargo	tao	0.35.3	cargo-lock	Apache-2.0		https://github.com/tauri-apps/tao
cargo	tao-macros	0.1.3	cargo-lock	MIT OR Apache-2.0		https://github.com/tauri-apps/tao
cargo	target-lexicon	0.12.16	cargo-lock	Apache-2.0 WITH LLVM-exception		https://github.com/bytecodealliance/target-lexicon
cargo	tauri	2.11.5	cargo-lock	Apache-2.0 OR MIT		https://github.com/tauri-apps/tauri
cargo	tauri-build	2.6.3	cargo-lock	Apache-2.0 OR MIT		https://github.com/tauri-apps/tauri
cargo	tauri-codegen	2.6.3	cargo-lock	Apache-2.0 OR MIT		https://github.com/tauri-apps/tauri
cargo	tauri-macros	2.6.3	cargo-lock	Apache-2.0 OR MIT		https://github.com/tauri-apps/tauri
cargo	tauri-runtime	2.11.3	cargo-lock	Apache-2.0 OR MIT		https://github.com/tauri-apps/tauri
cargo	tauri-runtime-wry	2.11.4	cargo-lock	Apache-2.0 OR MIT		https://github.com/tauri-apps/tauri
cargo	tauri-utils	2.9.3	cargo-lock	Apache-2.0 OR MIT		https://github.com/tauri-apps/tauri
cargo	tauri-winres	0.3.6	cargo-lock	MIT		https://github.com/tauri-apps/winres
cargo	tempfile	3.27.0	cargo-lock	MIT OR Apache-2.0		https://github.com/Stebalien/tempfile
cargo	tendril	0.5.0	cargo-lock	MIT OR Apache-2.0		https://github.com/servo/html5ever
cargo	thiserror	1.0.69	cargo-lock	MIT OR Apache-2.0		https://github.com/dtolnay/thiserror
cargo	thiserror	2.0.18	cargo-lock	MIT OR Apache-2.0		https://github.com/dtolnay/thiserror
cargo	thiserror-impl	1.0.69	cargo-lock	MIT OR Apache-2.0		https://github.com/dtolnay/thiserror
cargo	thiserror-impl	2.0.18	cargo-lock	MIT OR Apache-2.0		https://github.com/dtolnay/thiserror
cargo	time	0.3.53	cargo-lock	MIT OR Apache-2.0		https://github.com/time-rs/time
cargo	time-core	0.1.9	cargo-lock	MIT OR Apache-2.0		https://github.com/time-rs/time
cargo	time-macros	0.2.31	cargo-lock	MIT OR Apache-2.0		https://github.com/time-rs/time
cargo	tinystr	0.8.3	cargo-lock	Unicode-3.0		https://github.com/unicode-org/icu4x
cargo	tinyvec	1.11.0	cargo-lock	Zlib OR Apache-2.0 OR MIT		https://github.com/Lokathor/tinyvec
cargo	tinyvec_macros	0.1.1	cargo-lock	MIT OR Apache-2.0 OR Zlib		https://github.com/Soveu/tinyvec_macros
cargo	tokio	1.52.3	cargo-lock	MIT		https://github.com/tokio-rs/tokio
cargo	tokio-macros	2.7.0	cargo-lock	MIT		https://github.com/tokio-rs/tokio
cargo	tokio-rustls	0.26.4	cargo-lock	MIT OR Apache-2.0		https://github.com/rustls/tokio-rustls
cargo	tokio-stream	0.1.18	cargo-lock	MIT		https://github.com/tokio-rs/tokio
cargo	tokio-util	0.7.18	cargo-lock	MIT		https://github.com/tokio-rs/tokio
cargo	toml	0.8.2	cargo-lock	MIT OR Apache-2.0		https://github.com/toml-rs/toml
cargo	toml	0.9.12+spec-1.1.0	cargo-lock	MIT OR Apache-2.0		https://github.com/toml-rs/toml
cargo	toml	1.1.2+spec-1.1.0	cargo-lock	MIT OR Apache-2.0		https://github.com/toml-rs/toml
cargo	toml_datetime	0.6.3	cargo-lock	MIT OR Apache-2.0		https://github.com/toml-rs/toml
cargo	toml_datetime	0.7.5+spec-1.1.0	cargo-lock	MIT OR Apache-2.0		https://github.com/toml-rs/toml
cargo	toml_datetime	1.1.1+spec-1.1.0	cargo-lock	MIT OR Apache-2.0		https://github.com/toml-rs/toml
cargo	toml_edit	0.19.15	cargo-lock	MIT OR Apache-2.0		https://github.com/toml-rs/toml
cargo	toml_edit	0.20.2	cargo-lock	MIT OR Apache-2.0		https://github.com/toml-rs/toml
cargo	toml_edit	0.25.12+spec-1.1.0	cargo-lock	MIT OR Apache-2.0		https://github.com/toml-rs/toml
cargo	toml_parser	1.1.2+spec-1.1.0	cargo-lock	MIT OR Apache-2.0		https://github.com/toml-rs/toml
cargo	toml_writer	1.1.1+spec-1.1.0	cargo-lock	MIT OR Apache-2.0		https://github.com/toml-rs/toml
cargo	tonic	0.12.3	cargo-lock	MIT		https://github.com/hyperium/tonic
cargo	tonic-build	0.12.3	cargo-lock	MIT		https://github.com/hyperium/tonic
cargo	tower	0.4.13	cargo-lock	MIT		https://github.com/tower-rs/tower
cargo	tower	0.5.3	cargo-lock	MIT		https://github.com/tower-rs/tower
cargo	tower-http	0.6.11	cargo-lock	MIT		https://github.com/tower-rs/tower-http
cargo	tower-layer	0.3.3	cargo-lock	MIT		https://github.com/tower-rs/tower
cargo	tower-service	0.3.3	cargo-lock	MIT		https://github.com/tower-rs/tower
cargo	tracing	0.1.44	cargo-lock	MIT		https://github.com/tokio-rs/tracing
cargo	tracing-attributes	0.1.31	cargo-lock	MIT		https://github.com/tokio-rs/tracing
cargo	tracing-core	0.1.36	cargo-lock	MIT		https://github.com/tokio-rs/tracing
cargo	tray-icon	0.24.1	cargo-lock	MIT OR Apache-2.0		https://github.com/tauri-apps/tray-icon
cargo	try-lock	0.2.5	cargo-lock	MIT		https://github.com/seanmonstar/try-lock
cargo	typeid	1.0.3	cargo-lock	MIT OR Apache-2.0		https://github.com/dtolnay/typeid
cargo	typenum	1.20.1	cargo-lock	MIT OR Apache-2.0		https://github.com/paholg/typenum
cargo	unic-char-property	0.9.0	cargo-lock	MIT/Apache-2.0		https://github.com/open-i18n/rust-unic/
cargo	unic-char-range	0.9.0	cargo-lock	MIT/Apache-2.0		https://github.com/open-i18n/rust-unic/
cargo	unic-common	0.9.0	cargo-lock	MIT/Apache-2.0		https://github.com/open-i18n/rust-unic/
cargo	unic-ucd-ident	0.9.0	cargo-lock	MIT/Apache-2.0		https://github.com/open-i18n/rust-unic/
cargo	unic-ucd-version	0.9.0	cargo-lock	MIT/Apache-2.0		https://github.com/open-i18n/rust-unic/
cargo	unicode-ident	1.0.24	cargo-lock	(MIT OR Apache-2.0) AND Unicode-3.0		https://github.com/dtolnay/unicode-ident
cargo	unicode-segmentation	1.13.3	cargo-lock	MIT OR Apache-2.0		https://github.com/unicode-rs/unicode-segmentation
cargo	untrusted	0.9.0	cargo-lock	ISC		https://github.com/briansmith/untrusted
cargo	url	2.5.8	cargo-lock	MIT OR Apache-2.0		https://github.com/servo/rust-url
cargo	urlpattern	0.3.0	cargo-lock	MIT		https://github.com/denoland/rust-urlpattern
cargo	utf-8	0.7.6	cargo-lock	MIT OR Apache-2.0		https://github.com/SimonSapin/rust-utf8
cargo	utf8_iter	1.0.4	cargo-lock	Apache-2.0 OR MIT		https://github.com/hsivonen/utf8_iter
cargo	uuid	1.23.4	cargo-lock	Apache-2.0 OR MIT		https://github.com/uuid-rs/uuid
cargo	version-compare	0.2.1	cargo-lock	MIT		https://gitlab.com/timvisee/version-compare
cargo	version_check	0.9.5	cargo-lock	MIT/Apache-2.0		https://github.com/SergioBenitez/version_check
cargo	vswhom	0.1.0	cargo-lock	MIT		https://github.com/nabijaczleweli/vswhom.rs
cargo	vswhom-sys	0.1.3	cargo-lock	MIT		https://github.com/nabijaczleweli/vswhom-sys.rs
cargo	walkdir	2.5.0	cargo-lock	Unlicense/MIT		https://github.com/BurntSushi/walkdir
cargo	want	0.3.1	cargo-lock	MIT		https://github.com/seanmonstar/want
cargo	wasi	0.11.1+wasi-snapshot-preview1	cargo-lock	Apache-2.0 WITH LLVM-exception OR Apache-2.0 OR MIT		https://github.com/bytecodealliance/wasi
cargo	wasip2	1.0.4+wasi-0.2.12	cargo-lock	Apache-2.0 WITH LLVM-exception OR Apache-2.0 OR MIT		https://github.com/bytecodealliance/wasi-rs
cargo	wasm-bindgen	0.2.126	cargo-lock	MIT OR Apache-2.0		https://github.com/wasm-bindgen/wasm-bindgen
cargo	wasm-bindgen-futures	0.4.76	cargo-lock	MIT OR Apache-2.0		https://github.com/wasm-bindgen/wasm-bindgen/tree/master/crates/futures
cargo	wasm-bindgen-macro	0.2.126	cargo-lock	MIT OR Apache-2.0		https://github.com/wasm-bindgen/wasm-bindgen/tree/master/crates/macro
cargo	wasm-bindgen-macro-support	0.2.126	cargo-lock	MIT OR Apache-2.0		https://github.com/wasm-bindgen/wasm-bindgen/tree/master/crates/macro-support
cargo	wasm-bindgen-shared	0.2.126	cargo-lock	MIT OR Apache-2.0		https://github.com/wasm-bindgen/wasm-bindgen/tree/master/crates/shared
cargo	wasm-streams	0.5.0	cargo-lock	MIT OR Apache-2.0		https://github.com/MattiasBuelens/wasm-streams/
cargo	web-sys	0.3.103	cargo-lock	MIT OR Apache-2.0		https://github.com/wasm-bindgen/wasm-bindgen/tree/master/crates/web-sys
cargo	web_atoms	0.2.5	cargo-lock	MIT OR Apache-2.0		https://github.com/servo/html5ever
cargo	webkit2gtk	2.0.2	cargo-lock	MIT		https://github.com/tauri-apps/webkit2gtk-rs
cargo	webkit2gtk-sys	2.0.2	cargo-lock	MIT		https://github.com/tauri-apps/webkit2gtk-rs
cargo	webview2-com	0.38.2	cargo-lock	MIT		https://github.com/wravery/webview2-rs
cargo	webview2-com-macros	0.8.1	cargo-lock	MIT		https://github.com/wravery/webview2-rs
cargo	webview2-com-sys	0.38.2	cargo-lock	MIT		https://github.com/wravery/webview2-rs
cargo	winapi	0.3.9	cargo-lock	MIT/Apache-2.0		https://github.com/retep998/winapi-rs
cargo	winapi-i686-pc-windows-gnu	0.4.0	cargo-lock	MIT/Apache-2.0		https://github.com/retep998/winapi-rs
cargo	winapi-util	0.1.11	cargo-lock	Unlicense OR MIT		https://github.com/BurntSushi/winapi-util
cargo	winapi-x86_64-pc-windows-gnu	0.4.0	cargo-lock	MIT/Apache-2.0		https://github.com/retep998/winapi-rs
cargo	window-vibrancy	0.6.0	cargo-lock	Apache-2.0 OR MIT		https://github.com/tauri-apps/tauri-plugin-vibrancy
cargo	windows	0.61.3	cargo-lock	MIT OR Apache-2.0		https://github.com/microsoft/windows-rs
cargo	windows-collections	0.2.0	cargo-lock	MIT OR Apache-2.0		https://github.com/microsoft/windows-rs
cargo	windows-core	0.61.2	cargo-lock	MIT OR Apache-2.0		https://github.com/microsoft/windows-rs
cargo	windows-core	0.62.2	cargo-lock	MIT OR Apache-2.0		https://github.com/microsoft/windows-rs
cargo	windows-future	0.2.1	cargo-lock	MIT OR Apache-2.0		https://github.com/microsoft/windows-rs
cargo	windows-implement	0.60.2	cargo-lock	MIT OR Apache-2.0		https://github.com/microsoft/windows-rs
cargo	windows-interface	0.59.3	cargo-lock	MIT OR Apache-2.0		https://github.com/microsoft/windows-rs
cargo	windows-link	0.1.3	cargo-lock	MIT OR Apache-2.0		https://github.com/microsoft/windows-rs
cargo	windows-link	0.2.1	cargo-lock	MIT OR Apache-2.0		https://github.com/microsoft/windows-rs
cargo	windows-numerics	0.2.0	cargo-lock	MIT OR Apache-2.0		https://github.com/microsoft/windows-rs
cargo	windows-result	0.3.4	cargo-lock	MIT OR Apache-2.0		https://github.com/microsoft/windows-rs
cargo	windows-result	0.4.1	cargo-lock	MIT OR Apache-2.0		https://github.com/microsoft/windows-rs
cargo	windows-strings	0.4.2	cargo-lock	MIT OR Apache-2.0		https://github.com/microsoft/windows-rs
cargo	windows-strings	0.5.1	cargo-lock	MIT OR Apache-2.0		https://github.com/microsoft/windows-rs
cargo	windows-sys	0.45.0	cargo-lock	MIT OR Apache-2.0		https://github.com/microsoft/windows-rs
cargo	windows-sys	0.52.0	cargo-lock	MIT OR Apache-2.0		https://github.com/microsoft/windows-rs
cargo	windows-sys	0.59.0	cargo-lock	MIT OR Apache-2.0		https://github.com/microsoft/windows-rs
cargo	windows-sys	0.61.2	cargo-lock	MIT OR Apache-2.0		https://github.com/microsoft/windows-rs
cargo	windows-targets	0.42.2	cargo-lock	MIT OR Apache-2.0		https://github.com/microsoft/windows-rs
cargo	windows-targets	0.52.6	cargo-lock	MIT OR Apache-2.0		https://github.com/microsoft/windows-rs
cargo	windows-threading	0.1.0	cargo-lock	MIT OR Apache-2.0		https://github.com/microsoft/windows-rs
cargo	windows-version	0.1.7	cargo-lock	MIT OR Apache-2.0		https://github.com/microsoft/windows-rs
cargo	windows_aarch64_gnullvm	0.42.2	cargo-lock	MIT OR Apache-2.0		https://github.com/microsoft/windows-rs
cargo	windows_aarch64_gnullvm	0.52.6	cargo-lock	MIT OR Apache-2.0		https://github.com/microsoft/windows-rs
cargo	windows_aarch64_msvc	0.42.2	cargo-lock	MIT OR Apache-2.0		https://github.com/microsoft/windows-rs
cargo	windows_aarch64_msvc	0.52.6	cargo-lock	MIT OR Apache-2.0		https://github.com/microsoft/windows-rs
cargo	windows_i686_gnu	0.42.2	cargo-lock	MIT OR Apache-2.0		https://github.com/microsoft/windows-rs
cargo	windows_i686_gnu	0.52.6	cargo-lock	MIT OR Apache-2.0		https://github.com/microsoft/windows-rs
cargo	windows_i686_gnullvm	0.52.6	cargo-lock	MIT OR Apache-2.0		https://github.com/microsoft/windows-rs
cargo	windows_i686_msvc	0.42.2	cargo-lock	MIT OR Apache-2.0		https://github.com/microsoft/windows-rs
cargo	windows_i686_msvc	0.52.6	cargo-lock	MIT OR Apache-2.0		https://github.com/microsoft/windows-rs
cargo	windows_x86_64_gnu	0.42.2	cargo-lock	MIT OR Apache-2.0		https://github.com/microsoft/windows-rs
cargo	windows_x86_64_gnu	0.52.6	cargo-lock	MIT OR Apache-2.0		https://github.com/microsoft/windows-rs
cargo	windows_x86_64_gnullvm	0.42.2	cargo-lock	MIT OR Apache-2.0		https://github.com/microsoft/windows-rs
cargo	windows_x86_64_gnullvm	0.52.6	cargo-lock	MIT OR Apache-2.0		https://github.com/microsoft/windows-rs
cargo	windows_x86_64_msvc	0.42.2	cargo-lock	MIT OR Apache-2.0		https://github.com/microsoft/windows-rs
cargo	windows_x86_64_msvc	0.52.6	cargo-lock	MIT OR Apache-2.0		https://github.com/microsoft/windows-rs
cargo	winnow	0.5.40	cargo-lock	MIT		https://github.com/winnow-rs/winnow
cargo	winnow	0.7.15	cargo-lock	MIT		https://github.com/winnow-rs/winnow
cargo	winnow	1.0.3	cargo-lock	MIT		https://github.com/winnow-rs/winnow
cargo	winreg	0.55.0	cargo-lock	MIT		https://github.com/gentoo90/winreg-rs
cargo	wit-bindgen	0.57.1	cargo-lock	Apache-2.0 WITH LLVM-exception OR Apache-2.0 OR MIT		https://github.com/bytecodealliance/wit-bindgen
cargo	writeable	0.6.3	cargo-lock	Unicode-3.0		https://github.com/unicode-org/icu4x
cargo	wry	0.55.1	cargo-lock	Apache-2.0 OR MIT		https://github.com/tauri-apps/wry
cargo	x11	2.21.0	cargo-lock	MIT		https://github.com/AltF02/x11-rs.git
cargo	x11-dl	2.21.0	cargo-lock	MIT		https://github.com/AltF02/x11-rs.git
cargo	yoke	0.8.3	cargo-lock	Unicode-3.0		https://github.com/unicode-org/icu4x
cargo	yoke-derive	0.8.2	cargo-lock	Unicode-3.0		https://github.com/unicode-org/icu4x
cargo	zerocopy	0.8.52	cargo-lock	BSD-2-Clause OR Apache-2.0 OR MIT		https://github.com/google/zerocopy
cargo	zerocopy-derive	0.8.52	cargo-lock	BSD-2-Clause OR Apache-2.0 OR MIT		https://github.com/google/zerocopy
cargo	zerofrom	0.1.8	cargo-lock	Unicode-3.0		https://github.com/unicode-org/icu4x
cargo	zerofrom-derive	0.1.7	cargo-lock	Unicode-3.0		https://github.com/unicode-org/icu4x
cargo	zeroize	1.9.0	cargo-lock	Apache-2.0 OR MIT		https://github.com/RustCrypto/utils
cargo	zerotrie	0.2.4	cargo-lock	Unicode-3.0		https://github.com/unicode-org/icu4x
cargo	zerovec	0.11.6	cargo-lock	Unicode-3.0		https://github.com/unicode-org/icu4x
cargo	zerovec-derive	0.11.3	cargo-lock	Unicode-3.0		https://github.com/unicode-org/icu4x
cargo	zmij	1.0.21	cargo-lock	MIT		https://github.com/dtolnay/zmij
